{
  "type": "FeatureCollection",
  "features": [
    {
      "type": "Feature",
      "properties": {
        "state": "MADHYA PRADESH",
        "district": "BHOPAL"
      },
      "geometry": {
        "type": "MultiPolygon",
        "coordinates": [
          [
            [
              [
                77.3162,
                23.8908
              ],
              [
                77.3227,
                23.89
              ],
              [
                77.326,
                23.8927
              ],
              [
                77.3279,
                23.8917
              ],
              [
                77.3324,
                23.8932
              ],
              [
                77.3344,
                23.8908
              ],
              [
                77.3461,
                23.8902
              ],
              [
                77.38,
                23.8828
              ],
              [
                77.3803,
                23.8726
              ],
              [
                77.3853,
                23.8595
              ],
              [
                77.3902,
                23.8545
              ],
              [
                77.3974,
                23.8513
              ],
              [
                77.4008,
                23.8472
              ],
              [
                77.3986,
                23.8362
              ],
              [
                77.3914,
                23.839
              ],
              [
                77.3896,
                23.8373
              ],
              [
                77.3893,
                23.8336
              ],
              [
                77.3935,
                23.8292
              ],
              [
                77.4075,
                23.8263
              ],
              [
                77.4052,
                23.8212
              ],
              [
                77.4082,
                23.8093
              ],
              [
                77.4141,
                23.8009
              ],
              [
                77.4197,
                23.8048
              ],
              [
                77.425,
                23.804
              ],
              [
                77.4403,
                23.7944
              ],
              [
                77.4451,
                23.7949
              ],
              [
                77.4463,
                23.7911
              ],
              [
                77.4371,
                23.7896
              ],
              [
                77.4353,
                23.7873
              ],
              [
                77.4338,
                23.7803
              ],
              [
                77.4357,
                23.7756
              ],
              [
                77.4381,
                23.7766
              ],
              [
                77.4372,
                23.7745
              ],
              [
                77.4402,
                23.7747
              ],
              [
                77.4458,
                23.778
              ],
              [
                77.455,
                23.7724
              ],
              [
                77.4541,
                23.7629
              ],
              [
                77.463,
                23.7576
              ],
              [
                77.4677,
                23.7559
              ],
              [
                77.4739,
                23.757
              ],
              [
                77.4789,
                23.7603
              ],
              [
                77.4816,
                23.7644
              ],
              [
                77.4893,
                23.7663
              ],
              [
                77.4912,
                23.7694
              ],
              [
                77.4945,
                23.77
              ],
              [
                77.4975,
                23.7741
              ],
              [
                77.5002,
                23.7752
              ],
              [
                77.5066,
                23.7725
              ],
              [
                77.5108,
                23.7645
              ],
              [
                77.5154,
                23.7617
              ],
              [
                77.526,
                23.7631
              ],
              [
                77.5277,
                23.7594
              ],
              [
                77.5355,
                23.7599
              ],
              [
                77.5409,
                23.7552
              ],
              [
                77.5452,
                23.7579
              ],
              [
                77.5551,
                23.7555
              ],
              [
                77.5622,
                23.76
              ],
              [
                77.5622,
                23.7655
              ],
              [
                77.5734,
                23.767
              ],
              [
                77.5767,
                23.7632
              ],
              [
                77.576,
                23.7608
              ],
              [
                77.5794,
                23.7606
              ],
              [
                77.5824,
                23.756
              ],
              [
                77.5882,
                23.7548
              ],
              [
                77.5901,
                23.7517
              ],
              [
                77.6099,
                23.7473
              ],
              [
                77.6107,
                23.7454
              ],
              [
                77.6065,
                23.7329
              ],
              [
                77.6016,
                23.7331
              ],
              [
                77.6023,
                23.7293
              ],
              [
                77.6009,
                23.7273
              ],
              [
                77.6168,
                23.7248
              ],
              [
                77.6144,
                23.7134
              ],
              [
                77.6186,
                23.7105
              ],
              [
                77.622,
                23.7111
              ],
              [
                77.6279,
                23.7084
              ],
              [
                77.6319,
                23.7136
              ],
              [
                77.6347,
                23.7143
              ],
              [
                77.6391,
                23.7071
              ],
              [
                77.6431,
                23.7125
              ],
              [
                77.6478,
                23.7119
              ],
              [
                77.6462,
                23.7011
              ],
              [
                77.6479,
                23.6926
              ],
              [
                77.6433,
                23.6863
              ],
              [
                77.6412,
                23.6794
              ],
              [
                77.6324,
                23.6668
              ],
              [
                77.6298,
                23.658
              ],
              [
                77.6239,
                23.6571
              ],
              [
                77.6197,
                23.6592
              ],
              [
                77.6119,
                23.6583
              ],
              [
                77.607,
                23.6595
              ],
              [
                77.5901,
                23.656
              ],
              [
                77.589,
                23.6524
              ],
              [
                77.5855,
                23.6527
              ],
              [
                77.5877,
                23.6503
              ],
              [
                77.5811,
                23.6489
              ],
              [
                77.5777,
                23.6499
              ],
              [
                77.5763,
                23.6482
              ],
              [
                77.5723,
                23.6476
              ],
              [
                77.5729,
                23.6452
              ],
              [
                77.5699,
                23.6454
              ],
              [
                77.5695,
                23.6436
              ],
              [
                77.571,
                23.6431
              ],
              [
                77.5722,
                23.6384
              ],
              [
                77.574,
                23.6379
              ],
              [
                77.5703,
                23.6345
              ],
              [
                77.571,
                23.6302
              ],
              [
                77.5663,
                23.6253
              ],
              [
                77.5677,
                23.6219
              ],
              [
                77.5624,
                23.614
              ],
              [
                77.5655,
                23.6126
              ],
              [
                77.5647,
                23.6104
              ],
              [
                77.5589,
                23.6098
              ],
              [
                77.5616,
                23.6047
              ],
              [
                77.5558,
                23.5927
              ],
              [
                77.5501,
                23.5875
              ],
              [
                77.5453,
                23.5905
              ],
              [
                77.5339,
                23.5801
              ],
              [
                77.5287,
                23.5805
              ],
              [
                77.5214,
                23.5759
              ],
              [
                77.5151,
                23.5772
              ],
              [
                77.5053,
                23.5673
              ],
              [
                77.5107,
                23.5519
              ],
              [
                77.5102,
                23.5497
              ],
              [
                77.5055,
                23.5489
              ],
              [
                77.5034,
                23.5438
              ],
              [
                77.5051,
                23.5257
              ],
              [
                77.5073,
                23.5228
              ],
              [
                77.5114,
                23.522
              ],
              [
                77.5113,
                23.5177
              ],
              [
                77.5177,
                23.514
              ],
              [
                77.5184,
                23.5079
              ],
              [
                77.5161,
                23.5072
              ],
              [
                77.5108,
                23.4914
              ],
              [
                77.5065,
                23.4896
              ],
              [
                77.5014,
                23.484
              ],
              [
                77.5048,
                23.477
              ],
              [
                77.502,
                23.4727
              ],
              [
                77.501,
                23.4645
              ],
              [
                77.4975,
                23.4557
              ],
              [
                77.4979,
                23.4513
              ],
              [
                77.4936,
                23.4473
              ],
              [
                77.4961,
                23.438
              ],
              [
                77.4898,
                23.4248
              ],
              [
                77.4902,
                23.4161
              ],
              [
                77.5068,
                23.4064
              ],
              [
                77.5104,
                23.4011
              ],
              [
                77.5151,
                23.4048
              ],
              [
                77.5171,
                23.4131
              ],
              [
                77.5285,
                23.4171
              ],
              [
                77.5356,
                23.4182
              ],
              [
                77.5546,
                23.4154
              ],
              [
                77.5585,
                23.4105
              ],
              [
                77.5575,
                23.3983
              ],
              [
                77.5519,
                23.3975
              ],
              [
                77.5472,
                23.3906
              ],
              [
                77.5468,
                23.3779
              ],
              [
                77.5504,
                23.3765
              ],
              [
                77.5562,
                23.3783
              ],
              [
                77.5553,
                23.3717
              ],
              [
                77.5621,
                23.3664
              ],
              [
                77.563,
                23.3631
              ],
              [
                77.5768,
                23.3559
              ],
              [
                77.5821,
                23.3553
              ],
              [
                77.5832,
                23.3494
              ],
              [
                77.5823,
                23.3417
              ],
              [
                77.6152,
                23.3437
              ],
              [
                77.625,
                23.3462
              ],
              [
                77.6279,
                23.3414
              ],
              [
                77.6241,
                23.3327
              ],
              [
                77.6196,
                23.3292
              ],
              [
                77.6185,
                23.3242
              ],
              [
                77.6143,
                23.3215
              ],
              [
                77.6097,
                23.3131
              ],
              [
                77.5858,
                23.2878
              ],
              [
                77.5885,
                23.2824
              ],
              [
                77.5854,
                23.2747
              ],
              [
                77.5825,
                23.2724
              ],
              [
                77.5841,
                23.2676
              ],
              [
                77.5919,
                23.2627
              ],
              [
                77.5958,
                23.256
              ],
              [
                77.5864,
                23.2498
              ],
              [
                77.5883,
                23.2427
              ],
              [
                77.5912,
                23.2412
              ],
              [
                77.5927,
                23.2305
              ],
              [
                77.5953,
                23.2254
              ],
              [
                77.5883,
                23.2171
              ],
              [
                77.5802,
                23.1959
              ],
              [
                77.5741,
                23.1969
              ],
              [
                77.5731,
                23.1877
              ],
              [
                77.5789,
                23.185
              ],
              [
                77.5803,
                23.1794
              ],
              [
                77.5586,
                23.1756
              ],
              [
                77.5586,
                23.1655
              ],
              [
                77.5621,
                23.1635
              ],
              [
                77.5608,
                23.1576
              ],
              [
                77.5663,
                23.1567
              ],
              [
                77.5662,
                23.1508
              ],
              [
                77.5614,
                23.1373
              ],
              [
                77.542,
                23.138
              ],
              [
                77.5379,
                23.1346
              ],
              [
                77.5377,
                23.1304
              ],
              [
                77.5329,
                23.1235
              ],
              [
                77.5357,
                23.1213
              ],
              [
                77.5259,
                23.1174
              ],
              [
                77.5201,
                23.1179
              ],
              [
                77.5043,
                23.1121
              ],
              [
                77.4997,
                23.1044
              ],
              [
                77.4994,
                23.099
              ],
              [
                77.494,
                23.1003
              ],
              [
                77.4906,
                23.0964
              ],
              [
                77.4832,
                23.0969
              ],
              [
                77.4742,
                23.0934
              ],
              [
                77.4703,
                23.0982
              ],
              [
                77.4667,
                23.0938
              ],
              [
                77.458,
                23.095
              ],
              [
                77.4534,
                23.0862
              ],
              [
                77.4483,
                23.088
              ],
              [
                77.4447,
                23.0859
              ],
              [
                77.4379,
                23.0879
              ],
              [
                77.428,
                23.0876
              ],
              [
                77.4064,
                23.0833
              ],
              [
                77.4022,
                23.0787
              ],
              [
                77.379,
                23.0719
              ],
              [
                77.375,
                23.0764
              ],
              [
                77.367,
                23.0762
              ],
              [
                77.3598,
                23.0803
              ],
              [
                77.337,
                23.0797
              ],
              [
                77.3216,
                23.0854
              ],
              [
                77.3194,
                23.0897
              ],
              [
                77.3214,
                23.1009
              ],
              [
                77.304,
                23.0995
              ],
              [
                77.2934,
                23.1013
              ],
              [
                77.2853,
                23.0948
              ],
              [
                77.271,
                23.095
              ],
              [
                77.2746,
                23.106
              ],
              [
                77.2743,
                23.1122
              ],
              [
                77.2714,
                23.1164
              ],
              [
                77.2725,
                23.1252
              ],
              [
                77.2599,
                23.1332
              ],
              [
                77.2465,
                23.1351
              ],
              [
                77.2477,
                23.1446
              ],
              [
                77.2445,
                23.1517
              ],
              [
                77.2378,
                23.1501
              ],
              [
                77.2377,
                23.159
              ],
              [
                77.2313,
                23.1641
              ],
              [
                77.2316,
                23.1718
              ],
              [
                77.2221,
                23.1746
              ],
              [
                77.2255,
                23.1781
              ],
              [
                77.2287,
                23.1866
              ],
              [
                77.2032,
                23.1922
              ],
              [
                77.2117,
                23.2004
              ],
              [
                77.2147,
                23.208
              ],
              [
                77.207,
                23.2114
              ],
              [
                77.2068,
                23.2187
              ],
              [
                77.1974,
                23.2158
              ],
              [
                77.1922,
                23.2123
              ],
              [
                77.1817,
                23.2143
              ],
              [
                77.1776,
                23.2216
              ],
              [
                77.1762,
                23.2296
              ],
              [
                77.1866,
                23.2334
              ],
              [
                77.1895,
                23.2422
              ],
              [
                77.2059,
                23.2483
              ],
              [
                77.203,
                23.2568
              ],
              [
                77.2043,
                23.2691
              ],
              [
                77.2097,
                23.27
              ],
              [
                77.2132,
                23.275
              ],
              [
                77.2108,
                23.2804
              ],
              [
                77.2123,
                23.2908
              ],
              [
                77.2023,
                23.2938
              ],
              [
                77.1872,
                23.2952
              ],
              [
                77.1841,
                23.3017
              ],
              [
                77.1696,
                23.3027
              ],
              [
                77.1719,
                23.3093
              ],
              [
                77.1691,
                23.3163
              ],
              [
                77.177,
                23.3253
              ],
              [
                77.1751,
                23.3439
              ],
              [
                77.1773,
                23.3508
              ],
              [
                77.1819,
                23.3543
              ],
              [
                77.1851,
                23.3521
              ],
              [
                77.1932,
                23.3533
              ],
              [
                77.1973,
                23.3437
              ],
              [
                77.1962,
                23.3418
              ],
              [
                77.1999,
                23.3271
              ],
              [
                77.2051,
                23.3221
              ],
              [
                77.2062,
                23.3184
              ],
              [
                77.2177,
                23.3205
              ],
              [
                77.2177,
                23.3301
              ],
              [
                77.2223,
                23.3421
              ],
              [
                77.2214,
                23.3494
              ],
              [
                77.2241,
                23.358
              ],
              [
                77.234,
                23.3633
              ],
              [
                77.232,
                23.3696
              ],
              [
                77.2427,
                23.3761
              ],
              [
                77.2466,
                23.3743
              ],
              [
                77.2543,
                23.3773
              ],
              [
                77.248,
                23.3867
              ],
              [
                77.2309,
                23.3936
              ],
              [
                77.2341,
                23.4008
              ],
              [
                77.2454,
                23.4044
              ],
              [
                77.26,
                23.4032
              ],
              [
                77.2715,
                23.4004
              ],
              [
                77.2722,
                23.4045
              ],
              [
                77.2883,
                23.4262
              ],
              [
                77.2841,
                23.4326
              ],
              [
                77.2832,
                23.4385
              ],
              [
                77.2853,
                23.4474
              ],
              [
                77.2973,
                23.4681
              ],
              [
                77.2858,
                23.4685
              ],
              [
                77.2829,
                23.4704
              ],
              [
                77.284,
                23.4798
              ],
              [
                77.2867,
                23.4865
              ],
              [
                77.2968,
                23.5011
              ],
              [
                77.2949,
                23.5085
              ],
              [
                77.2885,
                23.5104
              ],
              [
                77.2902,
                23.5211
              ],
              [
                77.2885,
                23.5309
              ],
              [
                77.2912,
                23.5355
              ],
              [
                77.2878,
                23.5458
              ],
              [
                77.2831,
                23.5526
              ],
              [
                77.2852,
                23.5604
              ],
              [
                77.291,
                23.5655
              ],
              [
                77.2955,
                23.5747
              ],
              [
                77.2836,
                23.5813
              ],
              [
                77.2742,
                23.5826
              ],
              [
                77.2727,
                23.5941
              ],
              [
                77.2773,
                23.6002
              ],
              [
                77.2673,
                23.6017
              ],
              [
                77.2561,
                23.607
              ],
              [
                77.2578,
                23.619
              ],
              [
                77.253,
                23.6147
              ],
              [
                77.2286,
                23.6155
              ],
              [
                77.2213,
                23.623
              ],
              [
                77.2289,
                23.6393
              ],
              [
                77.2262,
                23.645
              ],
              [
                77.2256,
                23.6528
              ],
              [
                77.2185,
                23.656
              ],
              [
                77.2167,
                23.6591
              ],
              [
                77.2077,
                23.6593
              ],
              [
                77.199,
                23.6506
              ],
              [
                77.1908,
                23.6556
              ],
              [
                77.1902,
                23.6613
              ],
              [
                77.1859,
                23.6673
              ],
              [
                77.1732,
                23.6683
              ],
              [
                77.1718,
                23.6731
              ],
              [
                77.168,
                23.6742
              ],
              [
                77.1699,
                23.6785
              ],
              [
                77.1665,
                23.6844
              ],
              [
                77.1767,
                23.6938
              ],
              [
                77.1775,
                23.6989
              ],
              [
                77.1857,
                23.7166
              ],
              [
                77.192,
                23.7428
              ],
              [
                77.2042,
                23.7608
              ],
              [
                77.2043,
                23.769
              ],
              [
                77.2086,
                23.7784
              ],
              [
                77.2156,
                23.782
              ],
              [
                77.2177,
                23.7858
              ],
              [
                77.2172,
                23.7917
              ],
              [
                77.2144,
                23.7973
              ],
              [
                77.2167,
                23.8054
              ],
              [
                77.2236,
                23.8132
              ],
              [
                77.2249,
                23.8332
              ],
              [
                77.2138,
                23.8392
              ],
              [
                77.2223,
                23.8462
              ],
              [
                77.2233,
                23.8563
              ],
              [
                77.2198,
                23.8645
              ],
              [
                77.2252,
                23.8813
              ],
              [
                77.2261,
                23.8925
              ],
              [
                77.2323,
                23.8928
              ],
              [
                77.2394,
                23.8903
              ],
              [
                77.2483,
                23.8928
              ],
              [
                77.2542,
                23.8886
              ],
              [
                77.2623,
                23.8884
              ],
              [
                77.267,
                23.8862
              ],
              [
                77.2723,
                23.8875
              ],
              [
                77.2796,
                23.8867
              ],
              [
                77.2892,
                23.8911
              ],
              [
                77.2931,
                23.8953
              ],
              [
                77.3007,
                23.8902
              ],
              [
                77.311,
                23.8889
              ],
              [
                77.3162,
                23.8908
              ]
            ]
          ]
        ]
      }
    },
    {
      "type": "Feature",
      "properties": {
        "state": "MAHARASHTRA",
        "district": "MUMBAI",
        "metric": 29
      },
      "geometry": {
        "type": "MultiPolygon",
        "coordinates": [
          [
            [
              [
                72.8782,
                19.0219
              ],
              [
                72.8738,
                19.0153
              ],
              [
                72.8695,
                19.0119
              ],
              [
                72.8625,
                19.0101
              ],
              [
                72.8601,
                18.9992
              ],
              [
                72.8548,
                18.9964
              ],
              [
                72.8605,
                18.9815
              ],
              [
                72.8568,
                18.9785
              ],
              [
                72.8502,
                18.9802
              ],
              [
                72.8502,
                18.9681
              ],
              [
                72.8436,
                18.9309
              ],
              [
                72.8331,
                18.9211
              ],
              [
                72.8316,
                18.917
              ],
              [
                72.817,
                18.9069
              ],
              [
                72.817,
                18.9012
              ],
              [
                72.8087,
                18.8934
              ],
              [
                72.8036,
                18.8988
              ],
              [
                72.8051,
                18.9102
              ],
              [
                72.8116,
                18.9108
              ],
              [
                72.8152,
                18.9081
              ],
              [
                72.8256,
                18.9194
              ],
              [
                72.8259,
                18.9258
              ],
              [
                72.8202,
                18.9274
              ],
              [
                72.8236,
                18.9332
              ],
              [
                72.8241,
                18.9387
              ],
              [
                72.8222,
                18.9453
              ],
              [
                72.8142,
                18.954
              ],
              [
                72.8067,
                18.9533
              ],
              [
                72.7937,
                18.9446
              ],
              [
                72.7925,
                18.9499
              ],
              [
                72.7992,
                18.9572
              ],
              [
                72.8064,
                18.977
              ],
              [
                72.8109,
                18.9786
              ],
              [
                72.8138,
                18.983
              ],
              [
                72.8111,
                19.0015
              ],
              [
                72.8164,
                19.0098
              ],
              [
                72.8166,
                19.0231
              ],
              [
                72.8218,
                19.0177
              ],
              [
                72.8257,
                19.0179
              ],
              [
                72.8363,
                19.0278
              ],
              [
                72.8385,
                19.0331
              ],
              [
                72.8384,
                19.0479
              ],
              [
                72.8428,
                19.0506
              ],
              [
                72.8669,
                19.053
              ],
              [
                72.8797,
                19.0468
              ],
              [
                72.8815,
                19.0365
              ],
              [
                72.8774,
                19.0248
              ],
              [
                72.8782,
                19.0219
              ]
            ]
          ],
          [
            [
              [
                72.956,
                18.9878
              ],
              [
                72.9309,
                18.9855
              ],
              [
                72.9023,
                18.9789
              ],
              [
                72.8909,
                18.979
              ],
              [
                72.8865,
                18.9806
              ],
              [
                72.8804,
                18.9884
              ],
              [
                72.8803,
                18.996
              ],
              [
                72.8827,
                18.9991
              ],
              [
                72.8857,
                19.0121
              ],
              [
                72.8851,
                19.0158
              ],
              [
                72.8782,
                19.0219
              ],
              [
                72.8774,
                19.0248
              ],
              [
                72.8815,
                19.0365
              ],
              [
                72.8797,
                19.0468
              ],
              [
                72.8669,
                19.053
              ],
              [
                72.8428,
                19.0506
              ],
              [
                72.8384,
                19.0479
              ],
              [
                72.837,
                19.0528
              ],
              [
                72.8318,
                19.0532
              ],
              [
                72.8271,
                19.0459
              ],
              [
                72.8199,
                19.041
              ],
              [
                72.817,
                19.0415
              ],
              [
                72.8244,
                19.0558
              ],
              [
                72.8219,
                19.0604
              ],
              [
                72.8234,
                19.0653
              ],
              [
                72.8218,
                19.0761
              ],
              [
                72.8283,
                19.0778
              ],
              [
                72.8316,
                19.0833
              ],
              [
                72.8259,
                19.0847
              ],
              [
                72.8275,
                19.0943
              ],
              [
                72.822,
                19.1192
              ],
              [
                72.8173,
                19.127
              ],
              [
                72.8044,
                19.1407
              ],
              [
                72.8005,
                19.1396
              ],
              [
                72.795,
                19.133
              ],
              [
                72.788,
                19.1327
              ],
              [
                72.7897,
                19.1473
              ],
              [
                72.7875,
                19.1539
              ],
              [
                72.782,
                19.1593
              ],
              [
                72.7858,
                19.1675
              ],
              [
                72.7949,
                19.1747
              ],
              [
                72.7954,
                19.1953
              ],
              [
                72.7813,
                19.1963
              ],
              [
                72.7862,
                19.2038
              ],
              [
                72.7809,
                19.2115
              ],
              [
                72.7814,
                19.2181
              ],
              [
                72.7768,
                19.2217
              ],
              [
                72.7756,
                19.2272
              ],
              [
                72.7806,
                19.2337
              ],
              [
                72.7787,
                19.2396
              ],
              [
                72.7804,
                19.2427
              ],
              [
                72.7838,
                19.2651
              ],
              [
                72.7895,
                19.2617
              ],
              [
                72.7997,
                19.2625
              ],
              [
                72.8022,
                19.2581
              ],
              [
                72.8127,
                19.2498
              ],
              [
                72.824,
                19.246
              ],
              [
                72.8367,
                19.2516
              ],
              [
                72.8363,
                19.2596
              ],
              [
                72.8398,
                19.2684
              ],
              [
                72.843,
                19.2667
              ],
              [
                72.8507,
                19.269
              ],
              [
                72.8578,
                19.2689
              ],
              [
                72.8644,
                19.2662
              ],
              [
                72.8684,
                19.2614
              ],
              [
                72.8754,
                19.2606
              ],
              [
                72.8883,
                19.2498
              ],
              [
                72.8993,
                19.2492
              ],
              [
                72.9059,
                19.2467
              ],
              [
                72.906,
                19.2378
              ],
              [
                72.9124,
                19.232
              ],
              [
                72.9188,
                19.222
              ],
              [
                72.9203,
                19.2135
              ],
              [
                72.9307,
                19.2086
              ],
              [
                72.9335,
                19.2042
              ],
              [
                72.9341,
                19.1911
              ],
              [
                72.9405,
                19.1867
              ],
              [
                72.9445,
                19.1875
              ],
              [
                72.9535,
                19.1851
              ],
              [
                72.958,
                19.1797
              ],
              [
                72.9657,
                19.1754
              ],
              [
                72.9671,
                19.171
              ],
              [
                72.9721,
                19.1677
              ],
              [
                72.9722,
                19.1631
              ],
              [
                72.98,
                19.1555
              ],
              [
                72.9672,
                19.1103
              ],
              [
                72.9654,
                19.0831
              ],
              [
                72.9661,
                19.0693
              ],
              [
                72.9768,
                19.0424
              ],
              [
                72.9738,
                19.0283
              ],
              [
                72.9595,
                19.0008
              ],
              [
                72.956,
                18.9878
              ]
            ]
          ]
        ]
      }
    },
    {
      "type": "Feature",
      "properties": {
        "state": "MAHARASHTRA",
        "district": "PUNE"
      },
      "geometry": {
        "type": "MultiPolygon",
        "coordinates": [
          [
            [
              [
                74.8334,
                18.335
              ],
              [
                74.8341,
                18.3205
              ],
              [
                74.8411,
                18.3139
              ],
              [
                74.8444,
                18.3082
              ],
              [
                74.844,
                18.301
              ],
              [
                74.837,
                18.2958
              ],
              [
                74.8329,
                18.2953
              ],
              [
                74.803,
                18.3022
              ],
              [
                74.7973,
                18.2977
              ],
              [
                74.7952,
                18.2856
              ],
              [
                74.8003,
                18.2766
              ],
              [
                74.8189,
                18.2663
              ],
              [
                74.8325,
                18.2491
              ],
              [
                74.8392,
                18.2458
              ],
              [
                74.845,
                18.2452
              ],
              [
                74.8619,
                18.2492
              ],
              [
                74.8764,
                18.2492
              ],
              [
                74.8893,
                18.2587
              ],
              [
                74.9236,
                18.2597
              ],
              [
                74.9488,
                18.2665
              ],
              [
                74.953,
                18.2637
              ],
              [
                74.9582,
                18.2551
              ],
              [
                74.9631,
                18.2517
              ],
              [
                74.9914,
                18.2406
              ],
              [
                75.036,
                18.2616
              ],
              [
                75.0432,
                18.2614
              ],
              [
                75.0445,
                18.2551
              ],
              [
                75.0259,
                18.2389
              ],
              [
                75.0132,
                18.2209
              ],
              [
                75.0084,
                18.2093
              ],
              [
                75.0102,
                18.2041
              ],
              [
                75.0183,
                18.1925
              ],
              [
                75.0265,
                18.1904
              ],
              [
                75.038,
                18.1963
              ],
              [
                75.0527,
                18.1974
              ],
              [
                75.0696,
                18.2075
              ],
              [
                75.0793,
                18.217
              ],
              [
                75.0871,
                18.2199
              ],
              [
                75.1025,
                18.2213
              ],
              [
                75.1081,
                18.2171
              ],
              [
                75.1119,
                18.205
              ],
              [
                75.1103,
                18.187
              ],
              [
                75.0996,
                18.1615
              ],
              [
                75.0954,
                18.1568
              ],
              [
                75.0919,
                18.1489
              ],
              [
                75.0907,
                18.1304
              ],
              [
                75.0936,
                18.1202
              ],
              [
                75.0974,
                18.1183
              ],
              [
                75.1208,
                18.1173
              ],
              [
                75.1338,
                18.1211
              ],
              [
                75.1486,
                18.1224
              ],
              [
                75.1552,
                18.1209
              ],
              [
                75.1622,
                18.1155
              ],
              [
                75.1624,
                18.1085
              ],
              [
                75.1583,
                18.1035
              ],
              [
                75.1521,
                18.0999
              ],
              [
                75.1417,
                18.0975
              ],
              [
                75.1316,
                18.0874
              ],
              [
                75.1308,
                18.0785
              ],
              [
                75.1287,
                18.0746
              ],
              [
                75.1133,
                18.0748
              ],
              [
                75.0947,
                18.0696
              ],
              [
                75.0878,
                18.0617
              ],
              [
                75.0849,
                18.0557
              ],
              [
                75.0845,
                18.0481
              ],
              [
                75.082,
                18.0406
              ],
              [
                75.0765,
                18.0361
              ],
              [
                75.0593,
                18.029
              ],
              [
                75.0516,
                18.0242
              ],
              [
                75.0469,
                18.0127
              ],
              [
                75.038,
                17.9999
              ],
              [
                75.0278,
                17.9895
              ],
              [
                75.0202,
                17.9683
              ],
              [
                75.0208,
                17.9645
              ],
              [
                75.0296,
                17.959
              ],
              [
                75.04,
                17.9496
              ],
              [
                75.0503,
                17.9514
              ],
              [
                75.0561,
                17.9538
              ],
              [
                75.0634,
                17.9643
              ],
              [
                75.0689,
                17.9796
              ],
              [
                75.0787,
                17.9824
              ],
              [
                75.1004,
                17.9761
              ],
              [
                75.1053,
                17.9828
              ],
              [
                75.1074,
                17.9962
              ],
              [
                75.1117,
                18.0013
              ],
              [
                75.1173,
                18.0014
              ],
              [
                75.1243,
                17.9968
              ],
              [
                75.1272,
                17.9899
              ],
              [
                75.1291,
                17.9786
              ],
              [
                75.1328,
                17.9729
              ],
              [
                75.1309,
                17.9705
              ],
              [
                75.1224,
                17.9734
              ],
              [
                75.1178,
                17.9728
              ],
              [
                75.1153,
                17.9682
              ],
              [
                75.117,
                17.9652
              ],
              [
                75.1278,
                17.9615
              ],
              [
                75.1291,
                17.9548
              ],
              [
                75.1193,
                17.9493
              ],
              [
                75.115,
                17.9447
              ],
              [
                75.1121,
                17.9384
              ],
              [
                75.1086,
                17.9374
              ],
              [
                75.1009,
                17.9447
              ],
              [
                75.0935,
                17.9462
              ],
              [
                75.0804,
                17.9398
              ],
              [
                75.0801,
                17.9356
              ],
              [
                75.0878,
                17.9285
              ],
              [
                75.0826,
                17.9214
              ],
              [
                75.0709,
                17.9169
              ],
              [
                75.0559,
                17.928
              ],
              [
                75.052,
                17.9276
              ],
              [
                75.0461,
                17.9233
              ],
              [
                75.0456,
                17.9174
              ],
              [
                75.051,
                17.9123
              ],
              [
                75.0542,
                17.9054
              ],
              [
                75.0496,
                17.9037
              ],
              [
                75.0406,
                17.9063
              ],
              [
                75.0319,
                17.9013
              ],
              [
                75.0276,
                17.8958
              ],
              [
                75.0202,
                17.8973
              ],
              [
                75.0199,
                17.908
              ],
              [
                74.983,
                17.918
              ],
              [
                74.9671,
                17.9171
              ],
              [
                74.9616,
                17.9179
              ],
              [
                74.9526,
                17.9233
              ],
              [
                74.942,
                17.9239
              ],
              [
                74.9401,
                17.9261
              ],
              [
                74.9428,
                17.9367
              ],
              [
                74.9362,
                17.9417
              ],
              [
                74.926,
                17.9415
              ],
              [
                74.9186,
                17.945
              ],
              [
                74.9129,
                17.9455
              ],
              [
                74.9017,
                17.9428
              ],
              [
                74.8966,
                17.9371
              ],
              [
                74.8926,
                17.9369
              ],
              [
                74.886,
                17.9414
              ],
              [
                74.8735,
                17.9432
              ],
              [
                74.8712,
                17.9501
              ],
              [
                74.8658,
                17.9524
              ],
              [
                74.8598,
                17.9508
              ],
              [
                74.8559,
                17.9472
              ],
              [
                74.8459,
                17.9459
              ],
              [
                74.8434,
                17.9486
              ],
              [
                74.8438,
                17.9541
              ],
              [
                74.8503,
                17.9634
              ],
              [
                74.8585,
                17.9702
              ],
              [
                74.8591,
                17.9789
              ],
              [
                74.8623,
                17.9867
              ],
              [
                74.8621,
                17.9925
              ],
              [
                74.8447,
                17.9965
              ],
              [
                74.8361,
                17.9921
              ],
              [
                74.8292,
                17.9959
              ],
              [
                74.8231,
                18.0117
              ],
              [
                74.8174,
                18.0154
              ],
              [
                74.8117,
                18.0097
              ],
              [
                74.8125,
                18.0003
              ],
              [
                74.8026,
                17.9967
              ],
              [
                74.7993,
                17.9979
              ],
              [
                74.7903,
                18.0084
              ],
              [
                74.7733,
                18.0115
              ],
              [
                74.7731,
                18.0175
              ],
              [
                74.7681,
                18.0233
              ],
              [
                74.7579,
                18.0218
              ],
              [
                74.7518,
                18.0169
              ],
              [
                74.7454,
                18.0182
              ],
              [
                74.7436,
                18.025
              ],
              [
                74.7408,
                18.027
              ],
              [
                74.7327,
                18.0271
              ],
              [
                74.7255,
                18.0307
              ],
              [
                74.7184,
                18.0289
              ],
              [
                74.708,
                18.0305
              ],
              [
                74.702,
                18.0381
              ],
              [
                74.6956,
                18.037
              ],
              [
                74.6909,
                18.0388
              ],
              [
                74.6865,
                18.0482
              ],
              [
                74.6862,
                18.0568
              ],
              [
                74.6841,
                18.0601
              ],
              [
                74.6748,
                18.0614
              ],
              [
                74.6646,
                18.0699
              ],
              [
                74.6542,
                18.0682
              ],
              [
                74.6537,
                18.0587
              ],
              [
                74.6499,
                18.0527
              ],
              [
                74.6452,
                18.0497
              ],
              [
                74.6432,
                18.0453
              ],
              [
                74.6411,
                18.0442
              ],
              [
                74.6381,
                18.045
              ],
              [
                74.6359,
                18.0516
              ],
              [
                74.6295,
                18.0569
              ],
              [
                74.6263,
                18.0559
              ],
              [
                74.624,
                18.0515
              ],
              [
                74.6199,
                18.0484
              ],
              [
                74.6103,
                18.0464
              ],
              [
                74.6055,
                18.0473
              ],
              [
                74.5977,
                18.0535
              ],
              [
                74.5904,
                18.056
              ],
              [
                74.5864,
                18.0531
              ],
              [
                74.5852,
                18.0462
              ],
              [
                74.5825,
                18.046
              ],
              [
                74.5797,
                18.0485
              ],
              [
                74.5784,
                18.054
              ],
              [
                74.5694,
                18.0552
              ],
              [
                74.5627,
                18.0673
              ],
              [
                74.5577,
                18.0702
              ],
              [
                74.5474,
                18.0684
              ],
              [
                74.5423,
                18.0619
              ],
              [
                74.5335,
                18.0579
              ],
              [
                74.5158,
                18.061
              ],
              [
                74.5085,
                18.0594
              ],
              [
                74.5006,
                18.0601
              ],
              [
                74.4859,
                18.056
              ],
              [
                74.4736,
                18.0487
              ],
              [
                74.4598,
                18.0464
              ],
              [
                74.4564,
                18.0479
              ],
              [
                74.4529,
                18.0528
              ],
              [
                74.4435,
                18.0572
              ],
              [
                74.4401,
                18.0625
              ],
              [
                74.4363,
                18.0648
              ],
              [
                74.4219,
                18.0668
              ],
              [
                74.4106,
                18.0706
              ],
              [
                74.4022,
                18.0702
              ],
              [
                74.3955,
                18.0737
              ],
              [
                74.3838,
                18.0696
              ],
              [
                74.3725,
                18.0741
              ],
              [
                74.3684,
                18.0846
              ],
              [
                74.3602,
                18.0872
              ],
              [
                74.3591,
                18.0949
              ],
              [
                74.355,
                18.097
              ],
              [
                74.3275,
                18.0852
              ],
              [
                74.3188,
                18.0725
              ],
              [
                74.3103,
                18.0721
              ],
              [
                74.3058,
                18.0679
              ],
              [
                74.3023,
                18.0672
              ],
              [
                74.2987,
                18.0682
              ],
              [
                74.2947,
                18.0741
              ],
              [
                74.2796,
                18.0748
              ],
              [
                74.2628,
                18.081
              ],
              [
                74.2492,
                18.09
              ],
              [
                74.242,
                18.0967
              ],
              [
                74.2358,
                18.0996
              ],
              [
                74.2155,
                18.0963
              ],
              [
                74.2101,
                18.0972
              ],
              [
                74.2044,
                18.1037
              ],
              [
                74.196,
                18.1051
              ],
              [
                74.1897,
                18.1112
              ],
              [
                74.1852,
                18.1129
              ],
              [
                74.1756,
                18.1092
              ],
              [
                74.1625,
                18.108
              ],
              [
                74.1575,
                18.1104
              ],
              [
                74.151,
                18.1196
              ],
              [
                74.1459,
                18.1223
              ],
              [
                74.1375,
                18.1168
              ],
              [
                74.1346,
                18.1181
              ],
              [
                74.1214,
                18.1322
              ],
              [
                74.118,
                18.1333
              ],
              [
                74.1123,
                18.1312
              ],
              [
                74.1009,
                18.1231
              ],
              [
                74.0803,
                18.1208
              ],
              [
                74.0757,
                18.1224
              ],
              [
                74.068,
                18.1366
              ],
              [
                74.0531,
                18.1416
              ],
              [
                74.0472,
                18.1406
              ],
              [
                74.0433,
                18.1355
              ],
              [
                74.0281,
                18.1323
              ],
              [
                74.0132,
                18.1443
              ],
              [
                74.0116,
                18.1483
              ],
              [
                74.0089,
                18.1486
              ],
              [
                74.0058,
                18.1604
              ],
              [
                74.0012,
                18.1602
              ],
              [
                73.9932,
                18.1547
              ],
              [
                73.9951,
                18.1526
              ],
              [
                73.9935,
                18.1509
              ],
              [
                73.9888,
                18.1502
              ],
              [
                73.9886,
                18.1513
              ],
              [
                73.9878,
                18.1498
              ],
              [
                73.9878,
                18.1514
              ],
              [
                73.9813,
                18.1515
              ],
              [
                73.9802,
                18.1524
              ],
              [
                73.981,
                18.1544
              ],
              [
                73.9794,
                18.1539
              ],
              [
                73.968,
                18.1598
              ],
              [
                73.9677,
                18.1588
              ],
              [
                73.964,
                18.1624
              ],
              [
                73.9618,
                18.1617
              ],
              [
                73.9613,
                18.1655
              ],
              [
                73.9493,
                18.1741
              ],
              [
                73.9452,
                18.1791
              ],
              [
                73.9413,
                18.1784
              ],
              [
                73.9385,
                18.1732
              ],
              [
                73.935,
                18.1721
              ],
              [
                73.9221,
                18.1717
              ],
              [
                73.9083,
                18.1632
              ],
              [
                73.9067,
                18.1602
              ],
              [
                73.902,
                18.1596
              ],
              [
                73.8966,
                18.18
              ],
              [
                73.8937,
                18.1827
              ],
              [
                73.8829,
                18.1727
              ],
              [
                73.8732,
                18.1747
              ],
              [
                73.8749,
                18.1732
              ],
              [
                73.8728,
                18.1664
              ],
              [
                73.8742,
                18.1645
              ],
              [
                73.878,
                18.1637
              ],
              [
                73.8886,
                18.1542
              ],
              [
                73.8905,
                18.1479
              ],
              [
                73.896,
                18.1395
              ],
              [
                73.9017,
                18.1369
              ],
              [
                73.9015,
                18.1288
              ],
              [
                73.8973,
                18.1254
              ],
              [
                73.8917,
                18.1255
              ],
              [
                73.8877,
                18.1163
              ],
              [
                73.8773,
                18.1154
              ],
              [
                73.8608,
                18.1196
              ],
              [
                73.8632,
                18.1129
              ],
              [
                73.8662,
                18.1097
              ],
              [
                73.8673,
                18.1047
              ],
              [
                73.8741,
                18.095
              ],
              [
                73.8735,
                18.0932
              ],
              [
                73.8802,
                18.0866
              ],
              [
                73.8693,
                18.0755
              ],
              [
                73.868,
                18.0704
              ],
              [
                73.8714,
                18.0668
              ],
              [
                73.8701,
                18.0638
              ],
              [
                73.8716,
                18.0553
              ],
              [
                73.8694,
                18.0515
              ],
              [
                73.8702,
                18.048
              ],
              [
                73.8643,
                18.0468
              ],
              [
                73.8656,
                18.0432
              ],
              [
                73.8587,
                18.0312
              ],
              [
                73.8543,
                18.0303
              ],
              [
                73.846,
                18.0398
              ],
              [
                73.8444,
                18.039
              ],
              [
                73.8442,
                18.0347
              ],
              [
                73.8405,
                18.031
              ],
              [
                73.8357,
                18.032
              ],
              [
                73.8289,
                18.0294
              ],
              [
                73.8242,
                18.0302
              ],
              [
                73.8234,
                18.0343
              ],
              [
                73.8136,
                18.0351
              ],
              [
                73.8134,
                18.038
              ],
              [
                73.8086,
                18.0316
              ],
              [
                73.8051,
                18.0307
              ],
              [
                73.7995,
                18.0242
              ],
              [
                73.7952,
                18.0241
              ],
              [
                73.7926,
                18.0206
              ],
              [
                73.7824,
                18.0263
              ],
              [
                73.7774,
                18.0249
              ],
              [
                73.7753,
                18.0279
              ],
              [
                73.7704,
                18.025
              ],
              [
                73.7665,
                18.0251
              ],
              [
                73.766,
                18.0234
              ],
              [
                73.7614,
                18.0272
              ],
              [
                73.7557,
                18.0281
              ],
              [
                73.7536,
                18.0324
              ],
              [
                73.7562,
                18.0386
              ],
              [
                73.7376,
                18.037
              ],
              [
                73.7202,
                18.0428
              ],
              [
                73.7094,
                18.0426
              ],
              [
                73.7023,
                18.0443
              ],
              [
                73.6938,
                18.0391
              ],
              [
                73.6793,
                18.0332
              ],
              [
                73.6663,
                18.0247
              ],
              [
                73.6632,
                18.0251
              ],
              [
                73.6585,
                18.029
              ],
              [
                73.6595,
                18.0327
              ],
              [
                73.651,
                18.0367
              ],
              [
                73.6449,
                18.0443
              ],
              [
                73.6385,
                18.046
              ],
              [
                73.6301,
                18.0451
              ],
              [
                73.63,
                18.0492
              ],
              [
                73.6138,
                18.0586
              ],
              [
                73.6128,
                18.0629
              ],
              [
                73.6151,
                18.0695
              ],
              [
                73.6195,
                18.0727
              ],
              [
                73.6209,
                18.0771
              ],
              [
                73.6027,
                18.081
              ],
              [
                73.6006,
                18.0845
              ],
              [
                73.6066,
                18.0889
              ],
              [
                73.6093,
                18.0932
              ],
              [
                73.6073,
                18.0972
              ],
              [
                73.5997,
                18.1027
              ],
              [
                73.5951,
                18.1083
              ],
              [
                73.5959,
                18.112
              ],
              [
                73.6008,
                18.115
              ],
              [
                73.6021,
                18.1194
              ],
              [
                73.6124,
                18.1245
              ],
              [
                73.6179,
                18.123
              ],
              [
                73.6366,
                18.1469
              ],
              [
                73.6412,
                18.1407
              ],
              [
                73.6493,
                18.1517
              ],
              [
                73.6495,
                18.1569
              ],
              [
                73.665,
                18.1542
              ],
              [
                73.6661,
                18.1602
              ],
              [
                73.6627,
                18.1657
              ],
              [
                73.6524,
                18.173
              ],
              [
                73.645,
                18.1726
              ],
              [
                73.638,
                18.1754
              ],
              [
                73.6313,
                18.1744
              ],
              [
                73.6234,
                18.1766
              ],
              [
                73.6098,
                18.1848
              ],
              [
                73.6008,
                18.1866
              ],
              [
                73.5939,
                18.1768
              ],
              [
                73.5823,
                18.1782
              ],
              [
                73.5779,
                18.1837
              ],
              [
                73.5683,
                18.187
              ],
              [
                73.5633,
                18.1926
              ],
              [
                73.5627,
                18.2046
              ],
              [
                73.5599,
                18.2088
              ],
              [
                73.5562,
                18.2032
              ],
              [
                73.5574,
                18.1982
              ],
              [
                73.5424,
                18.2061
              ],
              [
                73.5396,
                18.2029
              ],
              [
                73.5399,
                18.1975
              ],
              [
                73.5376,
                18.192
              ],
              [
                73.5288,
                18.1878
              ],
              [
                73.5205,
                18.1877
              ],
              [
                73.5233,
                18.1939
              ],
              [
                73.5311,
                18.2008
              ],
              [
                73.5341,
                18.2083
              ],
              [
                73.5308,
                18.2107
              ],
              [
                73.5254,
                18.209
              ],
              [
                73.5303,
                18.2188
              ],
              [
                73.5346,
                18.2207
              ],
              [
                73.5311,
                18.228
              ],
              [
                73.5353,
                18.2294
              ],
              [
                73.5411,
                18.239
              ],
              [
                73.5465,
                18.2425
              ],
              [
                73.5448,
                18.2488
              ],
              [
                73.5313,
                18.2568
              ],
              [
                73.5266,
                18.2531
              ],
              [
                73.5233,
                18.2462
              ],
              [
                73.518,
                18.2478
              ],
              [
                73.5154,
                18.2518
              ],
              [
                73.5053,
                18.2542
              ],
              [
                73.5033,
                18.2595
              ],
              [
                73.5075,
                18.2607
              ],
              [
                73.5149,
                18.272
              ],
              [
                73.5046,
                18.2718
              ],
              [
                73.5035,
                18.2797
              ],
              [
                73.499,
                18.2822
              ],
              [
                73.4955,
                18.2776
              ],
              [
                73.4805,
                18.2727
              ],
              [
                73.4743,
                18.278
              ],
              [
                73.4755,
                18.2862
              ],
              [
                73.473,
                18.2904
              ],
              [
                73.4759,
                18.2952
              ],
              [
                73.4758,
                18.3
              ],
              [
                73.4696,
                18.3015
              ],
              [
                73.4637,
                18.2985
              ],
              [
                73.4511,
                18.2982
              ],
              [
                73.446,
                18.3043
              ],
              [
                73.4339,
                18.3043
              ],
              [
                73.427,
                18.2988
              ],
              [
                73.4204,
                18.3113
              ],
              [
                73.4245,
                18.3152
              ],
              [
                73.4204,
                18.3197
              ],
              [
                73.4219,
                18.3284
              ],
              [
                73.4288,
                18.3335
              ],
              [
                73.4315,
                18.3461
              ],
              [
                73.4346,
                18.352
              ],
              [
                73.4406,
                18.3579
              ],
              [
                73.4342,
                18.3647
              ],
              [
                73.4226,
                18.3731
              ],
              [
                73.4245,
                18.3869
              ],
              [
                73.4201,
                18.3996
              ],
              [
                73.4205,
                18.4032
              ],
              [
                73.4127,
                18.4055
              ],
              [
                73.4103,
                18.3989
              ],
              [
                73.3993,
                18.4026
              ],
              [
                73.3952,
                18.4234
              ],
              [
                73.3938,
                18.4445
              ],
              [
                73.396,
                18.4479
              ],
              [
                73.4015,
                18.4454
              ],
              [
                73.4023,
                18.4627
              ],
              [
                73.4065,
                18.4643
              ],
              [
                73.4049,
                18.4756
              ],
              [
                73.4094,
                18.4769
              ],
              [
                73.407,
                18.489
              ],
              [
                73.4084,
                18.4995
              ],
              [
                73.4022,
                18.4994
              ],
              [
                73.397,
                18.4897
              ],
              [
                73.3936,
                18.4929
              ],
              [
                73.3899,
                18.4895
              ],
              [
                73.3899,
                18.4825
              ],
              [
                73.3798,
                18.4818
              ],
              [
                73.3771,
                18.4802
              ],
              [
                73.3767,
                18.4691
              ],
              [
                73.3743,
                18.4645
              ],
              [
                73.3613,
                18.4722
              ],
              [
                73.3608,
                18.4849
              ],
              [
                73.3665,
                18.4822
              ],
              [
                73.379,
                18.4821
              ],
              [
                73.3752,
                18.4941
              ],
              [
                73.3803,
                18.4942
              ],
              [
                73.3895,
                18.4996
              ],
              [
                73.3892,
                18.5022
              ],
              [
                73.3818,
                18.5058
              ],
              [
                73.3735,
                18.5127
              ],
              [
                73.3557,
                18.5338
              ],
              [
                73.343,
                18.5326
              ],
              [
                73.3414,
                18.5413
              ],
              [
                73.3489,
                18.5458
              ],
              [
                73.3466,
                18.5492
              ],
              [
                73.3483,
                18.5539
              ],
              [
                73.342,
                18.5547
              ],
              [
                73.3357,
                18.5503
              ],
              [
                73.3235,
                18.5569
              ],
              [
                73.323,
                18.5722
              ],
              [
                73.3281,
                18.5765
              ],
              [
                73.332,
                18.5831
              ],
              [
                73.3293,
                18.5912
              ],
              [
                73.3322,
                18.5974
              ],
              [
                73.3346,
                18.61
              ],
              [
                73.3385,
                18.6042
              ],
              [
                73.3417,
                18.6054
              ],
              [
                73.3434,
                18.6112
              ],
              [
                73.3469,
                18.6107
              ],
              [
                73.363,
                18.6342
              ],
              [
                73.3682,
                18.6381
              ],
              [
                73.3707,
                18.645
              ],
              [
                73.3754,
                18.6453
              ],
              [
                73.3759,
                18.6504
              ],
              [
                73.3863,
                18.6552
              ],
              [
                73.3883,
                18.6659
              ],
              [
                73.3827,
                18.6753
              ],
              [
                73.3852,
                18.6772
              ],
              [
                73.3832,
                18.6832
              ],
              [
                73.3857,
                18.6937
              ],
              [
                73.3822,
                18.6933
              ],
              [
                73.3683,
                18.7027
              ],
              [
                73.3655,
                18.6995
              ],
              [
                73.3572,
                18.7001
              ],
              [
                73.3543,
                18.705
              ],
              [
                73.3461,
                18.6967
              ],
              [
                73.3386,
                18.6984
              ],
              [
                73.3332,
                18.6949
              ],
              [
                73.3296,
                18.7013
              ],
              [
                73.3392,
                18.7061
              ],
              [
                73.3438,
                18.7122
              ],
              [
                73.345,
                18.7183
              ],
              [
                73.3546,
                18.7213
              ],
              [
                73.3533,
                18.7283
              ],
              [
                73.3549,
                18.7353
              ],
              [
                73.3581,
                18.7378
              ],
              [
                73.3554,
                18.7429
              ],
              [
                73.3572,
                18.753
              ],
              [
                73.3509,
                18.7576
              ],
              [
                73.3595,
                18.7667
              ],
              [
                73.364,
                18.7744
              ],
              [
                73.3674,
                18.7924
              ],
              [
                73.3706,
                18.7945
              ],
              [
                73.3737,
                18.7883
              ],
              [
                73.3785,
                18.7929
              ],
              [
                73.3814,
                18.8078
              ],
              [
                73.3787,
                18.8188
              ],
              [
                73.3839,
                18.8186
              ],
              [
                73.3828,
                18.8257
              ],
              [
                73.3864,
                18.8396
              ],
              [
                73.3867,
                18.8473
              ],
              [
                73.3903,
                18.8541
              ],
              [
                73.4016,
                18.8422
              ],
              [
                73.4142,
                18.8579
              ],
              [
                73.4249,
                18.8611
              ],
              [
                73.4335,
                18.8751
              ],
              [
                73.4367,
                18.8848
              ],
              [
                73.435,
                18.901
              ],
              [
                73.4366,
                18.9056
              ],
              [
                73.4316,
                18.9155
              ],
              [
                73.4358,
                18.9175
              ],
              [
                73.4415,
                18.929
              ],
              [
                73.448,
                18.924
              ],
              [
                73.4529,
                18.9238
              ],
              [
                73.4621,
                18.9272
              ],
              [
                73.4561,
                18.9456
              ],
              [
                73.4601,
                18.9624
              ],
              [
                73.4667,
                18.9682
              ],
              [
                73.4794,
                18.9699
              ],
              [
                73.4804,
                18.9799
              ],
              [
                73.4877,
                18.98
              ],
              [
                73.4943,
                18.9729
              ],
              [
                73.4933,
                18.9688
              ],
              [
                73.5032,
                18.9693
              ],
              [
                73.5096,
                18.9677
              ],
              [
                73.5173,
                18.9801
              ],
              [
                73.5221,
                18.9824
              ],
              [
                73.5246,
                18.9868
              ],
              [
                73.5336,
                18.9912
              ],
              [
                73.5338,
                18.9957
              ],
              [
                73.5415,
                18.9962
              ],
              [
                73.543,
                19.0017
              ],
              [
                73.5548,
                19.0099
              ],
              [
                73.5485,
                19.0107
              ],
              [
                73.5445,
                19.015
              ],
              [
                73.5393,
                19.0162
              ],
              [
                73.5435,
                19.0218
              ],
              [
                73.5421,
                19.0266
              ],
              [
                73.534,
                19.0309
              ],
              [
                73.5371,
                19.0447
              ],
              [
                73.5395,
                19.0483
              ],
              [
                73.5153,
                19.046
              ],
              [
                73.517,
                19.0492
              ],
              [
                73.5169,
                19.0578
              ],
              [
                73.5248,
                19.0548
              ],
              [
                73.5207,
                19.0707
              ],
              [
                73.5282,
                19.0858
              ],
              [
                73.5133,
                19.0849
              ],
              [
                73.5126,
                19.0949
              ],
              [
                73.5173,
                19.0993
              ],
              [
                73.5184,
                19.1069
              ],
              [
                73.5227,
                19.1167
              ],
              [
                73.5219,
                19.1221
              ],
              [
                73.5247,
                19.1289
              ],
              [
                73.5409,
                19.1221
              ],
              [
                73.5426,
                19.1405
              ],
              [
                73.5338,
                19.1464
              ],
              [
                73.5328,
                19.1535
              ],
              [
                73.5394,
                19.1587
              ],
              [
                73.541,
                19.1624
              ],
              [
                73.5367,
                19.1707
              ],
              [
                73.5398,
                19.1763
              ],
              [
                73.5463,
                19.1816
              ],
              [
                73.5458,
                19.1871
              ],
              [
                73.5505,
                19.1871
              ],
              [
                73.5561,
                19.1839
              ],
              [
                73.5603,
                19.1875
              ],
              [
                73.5661,
                19.1846
              ],
              [
                73.567,
                19.1901
              ],
              [
                73.5758,
                19.1944
              ],
              [
                73.5823,
                19.1904
              ],
              [
                73.5932,
                19.1923
              ],
              [
                73.6064,
                19.1905
              ],
              [
                73.6105,
                19.2019
              ],
              [
                73.6087,
                19.2106
              ],
              [
                73.6227,
                19.2165
              ],
              [
                73.6267,
                19.2073
              ],
              [
                73.6297,
                19.2057
              ],
              [
                73.6352,
                19.2093
              ],
              [
                73.6366,
                19.2145
              ],
              [
                73.6447,
                19.2199
              ],
              [
                73.6505,
                19.2305
              ],
              [
                73.6583,
                19.2393
              ],
              [
                73.6631,
                19.2416
              ],
              [
                73.6721,
                19.2395
              ],
              [
                73.6854,
                19.2423
              ],
              [
                73.6933,
                19.2515
              ],
              [
                73.695,
                19.2582
              ],
              [
                73.6872,
                19.2724
              ],
              [
                73.6805,
                19.2739
              ],
              [
                73.6735,
                19.2902
              ],
              [
                73.6675,
                19.2914
              ],
              [
                73.6729,
                19.3011
              ],
              [
                73.6721,
                19.3068
              ],
              [
                73.6815,
                19.3089
              ],
              [
                73.6869,
                19.3151
              ],
              [
                73.7036,
                19.3141
              ],
              [
                73.7049,
                19.3197
              ],
              [
                73.7094,
                19.3249
              ],
              [
                73.7381,
                19.333
              ],
              [
                73.7469,
                19.3372
              ],
              [
                73.7459,
                19.3287
              ],
              [
                73.7505,
                19.3274
              ],
              [
                73.7584,
                19.3311
              ],
              [
                73.7702,
                19.3316
              ],
              [
                73.7738,
                19.3397
              ],
              [
                73.7791,
                19.3358
              ],
              [
                73.7875,
                19.3382
              ],
              [
                73.7933,
                19.3338
              ],
              [
                73.7947,
                19.3427
              ],
              [
                73.778,
                19.3872
              ],
              [
                73.7937,
                19.3913
              ],
              [
                73.8009,
                19.3951
              ],
              [
                73.8077,
                19.393
              ],
              [
                73.8124,
                19.388
              ],
              [
                73.8212,
                19.3867
              ],
              [
                73.8257,
                19.3816
              ],
              [
                73.8366,
                19.3768
              ],
              [
                73.843,
                19.3711
              ],
              [
                73.8408,
                19.3663
              ],
              [
                73.8535,
                19.3556
              ],
              [
                73.8579,
                19.3565
              ],
              [
                73.8664,
                19.3552
              ],
              [
                73.8757,
                19.3602
              ],
              [
                73.8793,
                19.3676
              ],
              [
                73.8855,
                19.3736
              ],
              [
                73.8912,
                19.3721
              ],
              [
                73.9038,
                19.3622
              ],
              [
                73.913,
                19.3622
              ],
              [
                73.919,
                19.3549
              ],
              [
                73.9207,
                19.348
              ],
              [
                73.924,
                19.3458
              ],
              [
                73.9269,
                19.3387
              ],
              [
                73.9382,
                19.343
              ],
              [
                73.9499,
                19.34
              ],
              [
                73.9543,
                19.3429
              ],
              [
                73.9535,
                19.3475
              ],
              [
                73.966,
                19.3503
              ],
              [
                73.9724,
                19.349
              ],
              [
                73.9874,
                19.3508
              ],
              [
                74.0009,
                19.3561
              ],
              [
                74.0027,
                19.3428
              ],
              [
                74.0115,
                19.3353
              ],
              [
                74.0113,
                19.3307
              ],
              [
                74.0193,
                19.3215
              ],
              [
                74.0177,
                19.3176
              ],
              [
                74.0249,
                19.3143
              ],
              [
                74.0216,
                19.3091
              ],
              [
                74.0249,
                19.302
              ],
              [
                74.0187,
                19.2961
              ],
              [
                74.0153,
                19.2996
              ],
              [
                74.0116,
                19.2952
              ],
              [
                74.0171,
                19.2899
              ],
              [
                74.0235,
                19.2887
              ],
              [
                74.0298,
                19.278
              ],
              [
                74.0258,
                19.2744
              ],
              [
                74.0258,
                19.2664
              ],
              [
                74.0328,
                19.2582
              ],
              [
                74.0367,
                19.2556
              ],
              [
                74.0451,
                19.2618
              ],
              [
                74.0496,
                19.2436
              ],
              [
                74.0548,
                19.2419
              ],
              [
                74.0616,
                19.2433
              ],
              [
                74.0715,
                19.2354
              ],
              [
                74.0772,
                19.2359
              ],
              [
                74.086,
                19.2323
              ],
              [
                74.0835,
                19.2388
              ],
              [
                74.1033,
                19.2298
              ],
              [
                74.1059,
                19.2306
              ],
              [
                74.1133,
                19.2263
              ],
              [
                74.1172,
                19.2263
              ],
              [
                74.1258,
                19.2225
              ],
              [
                74.1513,
                19.2257
              ],
              [
                74.154,
                19.2148
              ],
              [
                74.1566,
                19.2123
              ],
              [
                74.1571,
                19.2042
              ],
              [
                74.1652,
                19.2081
              ],
              [
                74.1637,
                19.2151
              ],
              [
                74.1685,
                19.2242
              ],
              [
                74.1801,
                19.218
              ],
              [
                74.1887,
                19.2095
              ],
              [
                74.2118,
                19.2061
              ],
              [
                74.2152,
                19.2036
              ],
              [
                74.2281,
                19.204
              ],
              [
                74.2329,
                19.2105
              ],
              [
                74.2438,
                19.2141
              ],
              [
                74.2516,
                19.2211
              ],
              [
                74.2562,
                19.2197
              ],
              [
                74.2617,
                19.2261
              ],
              [
                74.2758,
                19.219
              ],
              [
                74.2879,
                19.2188
              ],
              [
                74.3162,
                19.2078
              ],
              [
                74.3103,
                19.205
              ],
              [
                74.2999,
                19.189
              ],
              [
                74.2948,
                19.1865
              ],
              [
                74.2827,
                19.1876
              ],
              [
                74.2736,
                19.1858
              ],
              [
                74.2652,
                19.1793
              ],
              [
                74.2671,
                19.1765
              ],
              [
                74.2637,
                19.1696
              ],
              [
                74.2663,
                19.1622
              ],
              [
                74.2585,
                19.1591
              ],
              [
                74.2576,
                19.1544
              ],
              [
                74.2515,
                19.1481
              ],
              [
                74.244,
                19.1445
              ],
              [
                74.2349,
                19.1279
              ],
              [
                74.2347,
                19.1227
              ],
              [
                74.2282,
                19.1221
              ],
              [
                74.2256,
                19.1296
              ],
              [
                74.2116,
                19.1288
              ],
              [
                74.2032,
                19.1115
              ],
              [
                74.2002,
                19.1101
              ],
              [
                74.197,
                19.0991
              ],
              [
                74.2015,
                19.0933
              ],
              [
                74.2022,
                19.089
              ],
              [
                74.1958,
                19.0843
              ],
              [
                74.1899,
                19.0735
              ],
              [
                74.1911,
                19.0598
              ],
              [
                74.1878,
                19.0596
              ],
              [
                74.1788,
                19.0468
              ],
              [
                74.1722,
                19.0409
              ],
              [
                74.1758,
                19.0339
              ],
              [
                74.1739,
                19.0314
              ],
              [
                74.1784,
                19.0268
              ],
              [
                74.1843,
                19.0259
              ],
              [
                74.189,
                19.0223
              ],
              [
                74.1903,
                19.016
              ],
              [
                74.1961,
                19.016
              ],
              [
                74.1997,
                19.0123
              ],
              [
                74.1985,
                19.0078
              ],
              [
                74.2029,
                19.0053
              ],
              [
                74.2091,
                19.009
              ],
              [
                74.2127,
                19.0088
              ],
              [
                74.2147,
                19.0018
              ],
              [
                74.2112,
                18.9979
              ],
              [
                74.216,
                18.9931
              ],
              [
                74.2216,
                18.9952
              ],
              [
                74.2257,
                18.9851
              ],
              [
                74.2206,
                18.9766
              ],
              [
                74.2222,
                18.9706
              ],
              [
                74.2375,
                18.9667
              ],
              [
                74.2355,
                18.9623
              ],
              [
                74.2391,
                18.9575
              ],
              [
                74.237,
                18.9525
              ],
              [
                74.2461,
                18.9528
              ],
              [
                74.2491,
                18.9549
              ],
              [
                74.2521,
                18.946
              ],
              [
                74.2553,
                18.9409
              ],
              [
                74.2604,
                18.9378
              ],
              [
                74.2709,
                18.9187
              ],
              [
                74.2818,
                18.9127
              ],
              [
                74.2819,
                18.9091
              ],
              [
                74.2873,
                18.905
              ],
              [
                74.2957,
                18.9022
              ],
              [
                74.2935,
                18.897
              ],
              [
                74.2955,
                18.8873
              ],
              [
                74.3017,
                18.88
              ],
              [
                74.3019,
                18.8731
              ],
              [
                74.3069,
                18.8698
              ],
              [
                74.3064,
                18.8552
              ],
              [
                74.3279,
                18.837
              ],
              [
                74.3378,
                18.836
              ],
              [
                74.3456,
                18.8455
              ],
              [
                74.3496,
                18.8453
              ],
              [
                74.3713,
                18.8347
              ],
              [
                74.3836,
                18.831
              ],
              [
                74.3892,
                18.8329
              ],
              [
                74.3973,
                18.8283
              ],
              [
                74.3986,
                18.8218
              ],
              [
                74.3943,
                18.8193
              ],
              [
                74.3912,
                18.8117
              ],
              [
                74.3844,
                18.8049
              ],
              [
                74.3889,
                18.7904
              ],
              [
                74.3882,
                18.7848
              ],
              [
                74.3934,
                18.7788
              ],
              [
                74.4005,
                18.7757
              ],
              [
                74.3936,
                18.7675
              ],
              [
                74.3973,
                18.7525
              ],
              [
                74.398,
                18.7422
              ],
              [
                74.4024,
                18.7431
              ],
              [
                74.41,
                18.7415
              ],
              [
                74.4186,
                18.7461
              ],
              [
                74.4251,
                18.7466
              ],
              [
                74.4374,
                18.7369
              ],
              [
                74.4317,
                18.7328
              ],
              [
                74.4379,
                18.7295
              ],
              [
                74.438,
                18.7238
              ],
              [
                74.4474,
                18.7202
              ],
              [
                74.4676,
                18.7267
              ],
              [
                74.4724,
                18.7263
              ],
              [
                74.4774,
                18.7204
              ],
              [
                74.4815,
                18.7036
              ],
              [
                74.4749,
                18.6971
              ],
              [
                74.4737,
                18.6934
              ],
              [
                74.4769,
                18.6854
              ],
              [
                74.4884,
                18.6766
              ],
              [
                74.4979,
                18.6798
              ],
              [
                74.506,
                18.6757
              ],
              [
                74.5096,
                18.6688
              ],
              [
                74.5062,
                18.6629
              ],
              [
                74.4973,
                18.6571
              ],
              [
                74.4898,
                18.656
              ],
              [
                74.4851,
                18.6468
              ],
              [
                74.476,
                18.6495
              ],
              [
                74.4709,
                18.6465
              ],
              [
                74.4714,
                18.6417
              ],
              [
                74.4816,
                18.6307
              ],
              [
                74.5047,
                18.6241
              ],
              [
                74.506,
                18.6179
              ],
              [
                74.5106,
                18.6131
              ],
              [
                74.529,
                18.6153
              ],
              [
                74.5372,
                18.6182
              ],
              [
                74.5476,
                18.6136
              ],
              [
                74.5526,
                18.6076
              ],
              [
                74.543,
                18.599
              ],
              [
                74.5439,
                18.5931
              ],
              [
                74.5409,
                18.5823
              ],
              [
                74.5445,
                18.5786
              ],
              [
                74.553,
                18.5747
              ],
              [
                74.5546,
                18.5701
              ],
              [
                74.5591,
                18.567
              ],
              [
                74.5658,
                18.5562
              ],
              [
                74.5753,
                18.5515
              ],
              [
                74.5776,
                18.5474
              ],
              [
                74.5707,
                18.5393
              ],
              [
                74.5658,
                18.5247
              ],
              [
                74.5587,
                18.5179
              ],
              [
                74.5515,
                18.5143
              ],
              [
                74.5476,
                18.509
              ],
              [
                74.5556,
                18.4952
              ],
              [
                74.571,
                18.4842
              ],
              [
                74.5782,
                18.4743
              ],
              [
                74.5841,
                18.4716
              ],
              [
                74.6137,
                18.4681
              ],
              [
                74.6195,
                18.4655
              ],
              [
                74.6315,
                18.4538
              ],
              [
                74.6395,
                18.4505
              ],
              [
                74.6508,
                18.4511
              ],
              [
                74.6569,
                18.4564
              ],
              [
                74.6723,
                18.4594
              ],
              [
                74.6747,
                18.4656
              ],
              [
                74.6722,
                18.4688
              ],
              [
                74.6629,
                18.4684
              ],
              [
                74.6575,
                18.4719
              ],
              [
                74.6561,
                18.4826
              ],
              [
                74.6598,
                18.4901
              ],
              [
                74.6856,
                18.4983
              ],
              [
                74.6927,
                18.5035
              ],
              [
                74.7026,
                18.5066
              ],
              [
                74.7104,
                18.5024
              ],
              [
                74.7277,
                18.4822
              ],
              [
                74.7219,
                18.4426
              ],
              [
                74.7161,
                18.4321
              ],
              [
                74.7171,
                18.4227
              ],
              [
                74.7262,
                18.4141
              ],
              [
                74.729,
                18.4038
              ],
              [
                74.7363,
                18.3981
              ],
              [
                74.7522,
                18.3965
              ],
              [
                74.7672,
                18.4067
              ],
              [
                74.7775,
                18.41
              ],
              [
                74.7934,
                18.402
              ],
              [
                74.799,
                18.3927
              ],
              [
                74.8087,
                18.3855
              ],
              [
                74.8093,
                18.3822
              ],
              [
                74.8034,
                18.374
              ],
              [
                74.7981,
                18.3574
              ],
              [
                74.7992,
                18.3517
              ],
              [
                74.8156,
                18.3417
              ],
              [
                74.8259,
                18.3444
              ],
              [
                74.8338,
                18.3416
              ],
              [
                74.8334,
                18.335
              ]
            ]
          ]
        ]
      }
    },
    {
      "type": "Feature",
      "properties": {
        "state": "RAJASTHAN",
        "district": "JAIPUR"
      },
      "geometry": {
        "type": "MultiPolygon",
        "coordinates": [
          [
            [
              [
                75.7405,
                27.058
              ],
              [
                75.7538,
                27.055
              ],
              [
                75.7556,
                27.0499
              ],
              [
                75.7646,
                27.047
              ],
              [
                75.7669,
                27.0436
              ],
              [
                75.7664,
                27.036
              ],
              [
                75.7687,
                27.0262
              ],
              [
                75.7742,
                27.0181
              ],
              [
                75.7839,
                27.022
              ],
              [
                75.7861,
                27.0192
              ],
              [
                75.7929,
                27.0181
              ],
              [
                75.7911,
                27.0081
              ],
              [
                75.7921,
                27.0026
              ],
              [
                75.7983,
                27.0013
              ],
              [
                75.8021,
                26.9977
              ],
              [
                75.7965,
                26.9942
              ],
              [
                75.7961,
                26.9906
              ],
              [
                75.8037,
                26.9843
              ],
              [
                75.8009,
                26.9811
              ],
              [
                75.8001,
                26.9728
              ],
              [
                75.8037,
                26.9672
              ],
              [
                75.8149,
                26.9762
              ],
              [
                75.8215,
                26.9727
              ],
              [
                75.8201,
                26.9684
              ],
              [
                75.8318,
                26.9608
              ],
              [
                75.8437,
                26.9594
              ],
              [
                75.8459,
                26.9629
              ],
              [
                75.8573,
                26.963
              ],
              [
                75.8662,
                26.9612
              ],
              [
                75.8736,
                26.9645
              ],
              [
                75.88,
                26.9596
              ],
              [
                75.8848,
                26.9633
              ],
              [
                75.8909,
                26.9579
              ],
              [
                75.8937,
                26.9503
              ],
              [
                75.9061,
                26.9501
              ],
              [
                75.9092,
                26.9436
              ],
              [
                75.9093,
                26.9376
              ],
              [
                75.9056,
                26.9352
              ],
              [
                75.9019,
                26.9276
              ],
              [
                75.9023,
                26.9218
              ],
              [
                75.8926,
                26.9175
              ],
              [
                75.8859,
                26.9203
              ],
              [
                75.8798,
                26.9196
              ],
              [
                75.8724,
                26.9157
              ],
              [
                75.8918,
                26.91
              ],
              [
                75.8998,
                26.9094
              ],
              [
                75.9078,
                26.9008
              ],
              [
                75.9068,
                26.896
              ],
              [
                75.9079,
                26.8827
              ],
              [
                75.9059,
                26.8748
              ],
              [
                75.9112,
                26.8709
              ],
              [
                75.9294,
                26.8637
              ],
              [
                75.9329,
                26.8692
              ],
              [
                75.9371,
                26.8693
              ],
              [
                75.9386,
                26.8553
              ],
              [
                75.9355,
                26.848
              ],
              [
                75.9309,
                26.8554
              ],
              [
                75.9241,
                26.8545
              ],
              [
                75.9181,
                26.8497
              ],
              [
                75.9164,
                26.8423
              ],
              [
                75.9109,
                26.8306
              ],
              [
                75.8975,
                26.8317
              ],
              [
                75.8892,
                26.8377
              ],
              [
                75.8808,
                26.8203
              ],
              [
                75.8878,
                26.818
              ],
              [
                75.8866,
                26.8126
              ],
              [
                75.8898,
                26.8084
              ],
              [
                75.8975,
                26.8062
              ],
              [
                75.8968,
                26.8026
              ],
              [
                75.8896,
                26.8006
              ],
              [
                75.8886,
                26.7979
              ],
              [
                75.8759,
                26.7959
              ],
              [
                75.8788,
                26.8007
              ],
              [
                75.8707,
                26.8004
              ],
              [
                75.8695,
                26.8027
              ],
              [
                75.8495,
                26.8006
              ],
              [
                75.8491,
                26.7942
              ],
              [
                75.8429,
                26.7931
              ],
              [
                75.844,
                26.7786
              ],
              [
                75.8473,
                26.7743
              ],
              [
                75.8458,
                26.7686
              ],
              [
                75.8385,
                26.7692
              ],
              [
                75.8367,
                26.7733
              ],
              [
                75.8301,
                26.7735
              ],
              [
                75.8294,
                26.7687
              ],
              [
                75.8204,
                26.7694
              ],
              [
                75.8155,
                26.7661
              ],
              [
                75.8106,
                26.7665
              ],
              [
                75.8044,
                26.77
              ],
              [
                75.8025,
                26.766
              ],
              [
                75.7897,
                26.7677
              ],
              [
                75.787,
                26.7646
              ],
              [
                75.7777,
                26.7697
              ],
              [
                75.7763,
                26.7621
              ],
              [
                75.7811,
                26.7591
              ],
              [
                75.7786,
                26.7544
              ],
              [
                75.772,
                26.7558
              ],
              [
                75.7701,
                26.7597
              ],
              [
                75.7718,
                26.7707
              ],
              [
                75.7632,
                26.7693
              ],
              [
                75.7614,
                26.7542
              ],
              [
                75.7439,
                26.7596
              ],
              [
                75.7462,
                26.7714
              ],
              [
                75.7588,
                26.7694
              ],
              [
                75.7581,
                26.7755
              ],
              [
                75.7546,
                26.7816
              ],
              [
                75.7496,
                26.7842
              ],
              [
                75.7528,
                26.799
              ],
              [
                75.7447,
                26.7996
              ],
              [
                75.7446,
                26.8058
              ],
              [
                75.7386,
                26.8107
              ],
              [
                75.7399,
                26.8175
              ],
              [
                75.7439,
                26.8245
              ],
              [
                75.7437,
                26.8304
              ],
              [
                75.7302,
                26.8338
              ],
              [
                75.7251,
                26.8306
              ],
              [
                75.7156,
                26.832
              ],
              [
                75.7184,
                26.8453
              ],
              [
                75.7124,
                26.8483
              ],
              [
                75.7082,
                26.8529
              ],
              [
                75.6812,
                26.8507
              ],
              [
                75.6751,
                26.8533
              ],
              [
                75.6763,
                26.8589
              ],
              [
                75.6643,
                26.8654
              ],
              [
                75.6635,
                26.8694
              ],
              [
                75.6475,
                26.8664
              ],
              [
                75.6516,
                26.8798
              ],
              [
                75.6487,
                26.8809
              ],
              [
                75.6522,
                26.8906
              ],
              [
                75.6365,
                26.9107
              ],
              [
                75.6304,
                26.9122
              ],
              [
                75.6261,
                26.9106
              ],
              [
                75.6134,
                26.9136
              ],
              [
                75.6113,
                26.9164
              ],
              [
                75.6015,
                26.9219
              ],
              [
                75.6156,
                26.9448
              ],
              [
                75.6412,
                26.9329
              ],
              [
                75.6526,
                26.9432
              ],
              [
                75.6571,
                26.9526
              ],
              [
                75.6615,
                26.9553
              ],
              [
                75.6703,
                26.9516
              ],
              [
                75.678,
                26.9568
              ],
              [
                75.6892,
                26.9547
              ],
              [
                75.6923,
                26.9579
              ],
              [
                75.7062,
                26.9543
              ],
              [
                75.7077,
                26.9602
              ],
              [
                75.718,
                26.9629
              ],
              [
                75.7271,
                26.9686
              ],
              [
                75.7274,
                26.9793
              ],
              [
                75.7291,
                26.9825
              ],
              [
                75.7361,
                26.9867
              ],
              [
                75.7386,
                27.0047
              ],
              [
                75.732,
                27.0076
              ],
              [
                75.7343,
                27.0129
              ],
              [
                75.7336,
                27.019
              ],
              [
                75.7267,
                27.0272
              ],
              [
                75.7265,
                27.038
              ],
              [
                75.7282,
                27.0445
              ],
              [
                75.7273,
                27.0507
              ],
              [
                75.7355,
                27.058
              ],
              [
                75.7405,
                27.058
              ]
            ]
          ]
        ]
      }
    },
    {
      "type": "Feature",
      "properties": {
        "state": "TAMIL NADU",
        "district": "CHENNAI"
      },
      "geometry": {
        "type": "MultiPolygon",
        "coordinates": [
          [
            [
              [
                80.3319,
                13.2354
              ],
              [
                80.324,
                13.2035
              ],
              [
                80.3128,
                13.1675
              ],
              [
                80.2985,
                13.1377
              ],
              [
                80.299,
                13.1286
              ],
              [
                80.2967,
                13.1242
              ],
              [
                80.3005,
                13.1206
              ],
              [
                80.3021,
                13.1148
              ],
              [
                80.2949,
                13.0931
              ],
              [
                80.3009,
                13.0901
              ],
              [
                80.2875,
                13.0662
              ],
              [
                80.284,
                13.0542
              ],
              [
                80.278,
                13.0161
              ],
              [
                80.2721,
                12.997
              ],
              [
                80.2592,
                12.9335
              ],
              [
                80.2491,
                12.8567
              ],
              [
                80.2362,
                12.8581
              ],
              [
                80.2327,
                12.8522
              ],
              [
                80.22,
                12.8525
              ],
              [
                80.2129,
                12.8609
              ],
              [
                80.2089,
                12.8728
              ],
              [
                80.2135,
                12.8804
              ],
              [
                80.2165,
                12.8902
              ],
              [
                80.2174,
                12.9106
              ],
              [
                80.1988,
                12.9111
              ],
              [
                80.2014,
                12.9239
              ],
              [
                80.1987,
                12.9271
              ],
              [
                80.1992,
                12.9335
              ],
              [
                80.1963,
                12.9363
              ],
              [
                80.1879,
                12.9379
              ],
              [
                80.1894,
                12.9411
              ],
              [
                80.1982,
                12.9455
              ],
              [
                80.1989,
                12.9503
              ],
              [
                80.2023,
                12.9537
              ],
              [
                80.2008,
                12.9589
              ],
              [
                80.1956,
                12.9602
              ],
              [
                80.1959,
                12.9685
              ],
              [
                80.1911,
                12.97
              ],
              [
                80.186,
                12.9682
              ],
              [
                80.1813,
                12.9722
              ],
              [
                80.1807,
                12.9782
              ],
              [
                80.178,
                12.9798
              ],
              [
                80.1696,
                12.9799
              ],
              [
                80.1675,
                12.9866
              ],
              [
                80.1607,
                12.998
              ],
              [
                80.1652,
                13.0042
              ],
              [
                80.1601,
                13.0074
              ],
              [
                80.1613,
                13.011
              ],
              [
                80.1582,
                13.0154
              ],
              [
                80.1448,
                13.017
              ],
              [
                80.1443,
                13.0316
              ],
              [
                80.1456,
                13.0375
              ],
              [
                80.142,
                13.0383
              ],
              [
                80.1399,
                13.0457
              ],
              [
                80.1344,
                13.0447
              ],
              [
                80.1355,
                13.0483
              ],
              [
                80.1406,
                13.049
              ],
              [
                80.1423,
                13.0536
              ],
              [
                80.1463,
                13.054
              ],
              [
                80.1457,
                13.057
              ],
              [
                80.1485,
                13.0644
              ],
              [
                80.1541,
                13.0629
              ],
              [
                80.1528,
                13.0543
              ],
              [
                80.1493,
                13.0534
              ],
              [
                80.1494,
                13.0508
              ],
              [
                80.1534,
                13.0495
              ],
              [
                80.1495,
                13.0489
              ],
              [
                80.146,
                13.0443
              ],
              [
                80.1457,
                13.0399
              ],
              [
                80.158,
                13.0413
              ],
              [
                80.1603,
                13.0449
              ],
              [
                80.159,
                13.0522
              ],
              [
                80.1634,
                13.0734
              ],
              [
                80.1614,
                13.0811
              ],
              [
                80.155,
                13.0834
              ],
              [
                80.1508,
                13.0873
              ],
              [
                80.1461,
                13.0882
              ],
              [
                80.1442,
                13.0911
              ],
              [
                80.1449,
                13.0943
              ],
              [
                80.1404,
                13.0986
              ],
              [
                80.1402,
                13.107
              ],
              [
                80.1441,
                13.125
              ],
              [
                80.148,
                13.1305
              ],
              [
                80.1458,
                13.1394
              ],
              [
                80.1488,
                13.1393
              ],
              [
                80.1543,
                13.1423
              ],
              [
                80.1581,
                13.1421
              ],
              [
                80.1617,
                13.1405
              ],
              [
                80.1659,
                13.1357
              ],
              [
                80.1697,
                13.143
              ],
              [
                80.1707,
                13.1409
              ],
              [
                80.1753,
                13.1389
              ],
              [
                80.1771,
                13.1396
              ],
              [
                80.1777,
                13.1424
              ],
              [
                80.176,
                13.1473
              ],
              [
                80.1785,
                13.1491
              ],
              [
                80.1845,
                13.1476
              ],
              [
                80.1946,
                13.154
              ],
              [
                80.1924,
                13.1603
              ],
              [
                80.1939,
                13.1644
              ],
              [
                80.1908,
                13.1687
              ],
              [
                80.1947,
                13.1752
              ],
              [
                80.1991,
                13.1754
              ],
              [
                80.1996,
                13.1812
              ],
              [
                80.2018,
                13.1814
              ],
              [
                80.2159,
                13.1723
              ],
              [
                80.224,
                13.1843
              ],
              [
                80.2222,
                13.1908
              ],
              [
                80.2228,
                13.1998
              ],
              [
                80.2345,
                13.1963
              ],
              [
                80.2362,
                13.1992
              ],
              [
                80.2359,
                13.2039
              ],
              [
                80.2385,
                13.2028
              ],
              [
                80.2385,
                13.1995
              ],
              [
                80.2489,
                13.1986
              ],
              [
                80.25,
                13.2061
              ],
              [
                80.2704,
                13.2033
              ],
              [
                80.2727,
                13.2181
              ],
              [
                80.2705,
                13.2235
              ],
              [
                80.2753,
                13.2293
              ],
              [
                80.2828,
                13.2299
              ],
              [
                80.2843,
                13.2284
              ],
              [
                80.2847,
                13.2199
              ],
              [
                80.2906,
                13.2185
              ],
              [
                80.2987,
                13.2127
              ],
              [
                80.3033,
                13.2128
              ],
              [
                80.3102,
                13.2161
              ],
              [
                80.3175,
                13.2264
              ],
              [
                80.3177,
                13.2296
              ],
              [
                80.3314,
                13.2354
              ],
              [
                80.3319,
                13.2354
              ]
            ]
          ]
        ]
      }
    },
    {
      "type": "Feature",
      "properties": {
        "state": "TELANGANA",
        "district": "HYDERABAD"
      },
      "geometry": {
        "type": "MultiPolygon",
        "coordinates": [
          [
            [
              [
                78.5409,
                17.3717
              ],
              [
                78.5356,
                17.3626
              ],
              [
                78.5298,
                17.359
              ],
              [
                78.5319,
                17.3461
              ],
              [
                78.5288,
                17.3494
              ],
              [
                78.5275,
                17.3443
              ],
              [
                78.5213,
                17.3433
              ],
              [
                78.519,
                17.3459
              ],
              [
                78.518,
                17.3517
              ],
              [
                78.5159,
                17.3524
              ],
              [
                78.506,
                17.349
              ],
              [
                78.5074,
                17.3397
              ],
              [
                78.5049,
                17.3334
              ],
              [
                78.5072,
                17.3188
              ],
              [
                78.5031,
                17.3191
              ],
              [
                78.502,
                17.3223
              ],
              [
                78.4949,
                17.3185
              ],
              [
                78.4896,
                17.3205
              ],
              [
                78.4774,
                17.318
              ],
              [
                78.4737,
                17.315
              ],
              [
                78.4727,
                17.3106
              ],
              [
                78.4689,
                17.3058
              ],
              [
                78.4691,
                17.2989
              ],
              [
                78.4676,
                17.2978
              ],
              [
                78.4602,
                17.299
              ],
              [
                78.4545,
                17.3084
              ],
              [
                78.4517,
                17.3239
              ],
              [
                78.4434,
                17.3274
              ],
              [
                78.4401,
                17.3366
              ],
              [
                78.4235,
                17.3409
              ],
              [
                78.4233,
                17.3436
              ],
              [
                78.4292,
                17.3458
              ],
              [
                78.426,
                17.3489
              ],
              [
                78.4272,
                17.3511
              ],
              [
                78.4297,
                17.3516
              ],
              [
                78.4388,
                17.3462
              ],
              [
                78.4423,
                17.3492
              ],
              [
                78.442,
                17.3517
              ],
              [
                78.4329,
                17.3592
              ],
              [
                78.427,
                17.3604
              ],
              [
                78.4286,
                17.373
              ],
              [
                78.4147,
                17.371
              ],
              [
                78.4023,
                17.3727
              ],
              [
                78.3978,
                17.3707
              ],
              [
                78.3881,
                17.3711
              ],
              [
                78.3795,
                17.3737
              ],
              [
                78.3769,
                17.3723
              ],
              [
                78.3739,
                17.373
              ],
              [
                78.368,
                17.3764
              ],
              [
                78.3676,
                17.378
              ],
              [
                78.3692,
                17.3792
              ],
              [
                78.3794,
                17.3792
              ],
              [
                78.3852,
                17.3831
              ],
              [
                78.3894,
                17.3829
              ],
              [
                78.3951,
                17.386
              ],
              [
                78.3955,
                17.39
              ],
              [
                78.3919,
                17.3914
              ],
              [
                78.3955,
                17.3967
              ],
              [
                78.3927,
                17.3996
              ],
              [
                78.3927,
                17.4018
              ],
              [
                78.404,
                17.4077
              ],
              [
                78.4002,
                17.4194
              ],
              [
                78.395,
                17.4231
              ],
              [
                78.4013,
                17.4242
              ],
              [
                78.4051,
                17.4327
              ],
              [
                78.4098,
                17.4347
              ],
              [
                78.409,
                17.4418
              ],
              [
                78.4145,
                17.4461
              ],
              [
                78.425,
                17.444
              ],
              [
                78.4289,
                17.4453
              ],
              [
                78.4321,
                17.4513
              ],
              [
                78.4476,
                17.4509
              ],
              [
                78.4541,
                17.4449
              ],
              [
                78.4638,
                17.4493
              ],
              [
                78.4629,
                17.4677
              ],
              [
                78.4648,
                17.4744
              ],
              [
                78.4719,
                17.4777
              ],
              [
                78.475,
                17.4815
              ],
              [
                78.4801,
                17.483
              ],
              [
                78.4827,
                17.4771
              ],
              [
                78.4765,
                17.4708
              ],
              [
                78.4764,
                17.4623
              ],
              [
                78.4854,
                17.4563
              ],
              [
                78.4939,
                17.459
              ],
              [
                78.4966,
                17.4673
              ],
              [
                78.5032,
                17.4672
              ],
              [
                78.5039,
                17.4712
              ],
              [
                78.4981,
                17.4748
              ],
              [
                78.4977,
                17.4798
              ],
              [
                78.5004,
                17.4833
              ],
              [
                78.5051,
                17.4804
              ],
              [
                78.5183,
                17.4828
              ],
              [
                78.5231,
                17.4815
              ],
              [
                78.5229,
                17.4759
              ],
              [
                78.5179,
                17.4743
              ],
              [
                78.5203,
                17.4686
              ],
              [
                78.5206,
                17.4579
              ],
              [
                78.5178,
                17.4407
              ],
              [
                78.5295,
                17.4371
              ],
              [
                78.5439,
                17.4432
              ],
              [
                78.549,
                17.4376
              ],
              [
                78.5435,
                17.4271
              ],
              [
                78.5369,
                17.4223
              ],
              [
                78.5303,
                17.4255
              ],
              [
                78.5278,
                17.42
              ],
              [
                78.5271,
                17.413
              ],
              [
                78.5334,
                17.4115
              ],
              [
                78.5348,
                17.4042
              ],
              [
                78.5279,
                17.4016
              ],
              [
                78.5268,
                17.3815
              ],
              [
                78.5304,
                17.377
              ],
              [
                78.5279,
                17.3741
              ],
              [
                78.5326,
                17.3692
              ],
              [
                78.5409,
                17.3717
              ]
            ]
          ]
        ]
      }
    },
    {
      "type": "Feature",
      "properties": {
        "state": "CHANDIGARH",
        "district": "CHANDIGARH"
      },
      "geometry": {
        "type": "MultiPolygon",
        "coordinates": [
          [
            [
              [
                76.8375,
                30.7541
              ],
              [
                76.8338,
                30.7498
              ],
              [
                76.8349,
                30.7418
              ],
              [
                76.833,
                30.7388
              ],
              [
                76.8372,
                30.7335
              ],
              [
                76.8456,
                30.7317
              ],
              [
                76.8494,
                30.7234
              ],
              [
                76.8436,
                30.7192
              ],
              [
                76.8484,
                30.7145
              ],
              [
                76.8439,
                30.708
              ],
              [
                76.8357,
                30.7037
              ],
              [
                76.8286,
                30.6947
              ],
              [
                76.8276,
                30.6877
              ],
              [
                76.8291,
                30.6809
              ],
              [
                76.821,
                30.6776
              ],
              [
                76.8209,
                30.6749
              ],
              [
                76.8088,
                30.6673
              ],
              [
                76.7971,
                30.6675
              ],
              [
                76.7902,
                30.6756
              ],
              [
                76.7819,
                30.6737
              ],
              [
                76.7769,
                30.6703
              ],
              [
                76.7643,
                30.6864
              ],
              [
                76.7528,
                30.6845
              ],
              [
                76.748,
                30.6884
              ],
              [
                76.7472,
                30.6955
              ],
              [
                76.7393,
                30.6929
              ],
              [
                76.7391,
                30.7057
              ],
              [
                76.73,
                30.7068
              ],
              [
                76.7286,
                30.7158
              ],
              [
                76.7312,
                30.7174
              ],
              [
                76.7296,
                30.7235
              ],
              [
                76.7213,
                30.73
              ],
              [
                76.7128,
                30.7412
              ],
              [
                76.7075,
                30.7395
              ],
              [
                76.7052,
                30.7429
              ],
              [
                76.7079,
                30.7497
              ],
              [
                76.7056,
                30.7565
              ],
              [
                76.7108,
                30.761
              ],
              [
                76.7257,
                30.7664
              ],
              [
                76.7313,
                30.7649
              ],
              [
                76.7438,
                30.7699
              ],
              [
                76.7445,
                30.7751
              ],
              [
                76.7523,
                30.7803
              ],
              [
                76.7517,
                30.7842
              ],
              [
                76.7617,
                30.7915
              ],
              [
                76.7715,
                30.7952
              ],
              [
                76.7756,
                30.7905
              ],
              [
                76.7828,
                30.7892
              ],
              [
                76.7873,
                30.7789
              ],
              [
                76.7796,
                30.7777
              ],
              [
                76.7835,
                30.7706
              ],
              [
                76.7983,
                30.7711
              ],
              [
                76.8021,
                30.7756
              ],
              [
                76.8135,
                30.7802
              ],
              [
                76.8186,
                30.7779
              ],
              [
                76.8181,
                30.7713
              ],
              [
                76.8054,
                30.765
              ],
              [
                76.8156,
                30.7527
              ],
              [
                76.8202,
                30.761
              ],
              [
                76.8264,
                30.7633
              ],
              [
                76.8375,
                30.7541
              ]
            ]
          ]
        ]
      }
    },
    {
      "type": "Feature",
      "properties": {
        "state": "UTTAR PRADESH",
        "district": "LUCKNOW"
      },
      "geometry": {
        "type": "MultiPolygon",
        "coordinates": [
          [
            [
              [
                81.1661,
                26.5955
              ],
              [
                81.1609,
                26.5872
              ],
              [
                81.141,
                26.5881
              ],
              [
                81.1371,
                26.5788
              ],
              [
                81.1331,
                26.5778
              ],
              [
                81.1323,
                26.5712
              ],
              [
                81.1265,
                26.5639
              ],
              [
                81.1249,
                26.559
              ],
              [
                81.1201,
                26.5569
              ],
              [
                81.1047,
                26.5648
              ],
              [
                81.0956,
                26.5593
              ],
              [
                81.0926,
                26.5499
              ],
              [
                81.0921,
                26.542
              ],
              [
                81.079,
                26.5369
              ],
              [
                81.0762,
                26.5319
              ],
              [
                81.0758,
                26.5255
              ],
              [
                81.0713,
                26.5214
              ],
              [
                81.067,
                26.5223
              ],
              [
                81.0578,
                26.5129
              ],
              [
                81.0551,
                26.5067
              ],
              [
                81.0465,
                26.5038
              ],
              [
                81.0398,
                26.5065
              ],
              [
                81.0314,
                26.5158
              ],
              [
                81.0329,
                26.5206
              ],
              [
                81.0174,
                26.5275
              ],
              [
                81.0051,
                26.5272
              ],
              [
                81.0003,
                26.5338
              ],
              [
                80.9905,
                26.5352
              ],
              [
                80.9853,
                26.5391
              ],
              [
                80.9874,
                26.5449
              ],
              [
                80.9776,
                26.5535
              ],
              [
                80.9651,
                26.5566
              ],
              [
                80.9648,
                26.5605
              ],
              [
                80.9514,
                26.5628
              ],
              [
                80.9532,
                26.5671
              ],
              [
                80.9422,
                26.566
              ],
              [
                80.9365,
                26.5724
              ],
              [
                80.9309,
                26.5744
              ],
              [
                80.93,
                26.5794
              ],
              [
                80.9229,
                26.5911
              ],
              [
                80.9121,
                26.5905
              ],
              [
                80.9054,
                26.5988
              ],
              [
                80.9034,
                26.5941
              ],
              [
                80.8909,
                26.5982
              ],
              [
                80.8887,
                26.6039
              ],
              [
                80.8912,
                26.6106
              ],
              [
                80.8915,
                26.6223
              ],
              [
                80.8838,
                26.6213
              ],
              [
                80.8745,
                26.6164
              ],
              [
                80.8698,
                26.6212
              ],
              [
                80.8725,
                26.6255
              ],
              [
                80.8775,
                26.6256
              ],
              [
                80.88,
                26.6307
              ],
              [
                80.873,
                26.6372
              ],
              [
                80.8711,
                26.643
              ],
              [
                80.8653,
                26.6469
              ],
              [
                80.8582,
                26.6473
              ],
              [
                80.8463,
                26.6545
              ],
              [
                80.8436,
                26.6635
              ],
              [
                80.8408,
                26.6657
              ],
              [
                80.8331,
                26.6651
              ],
              [
                80.8236,
                26.6616
              ],
              [
                80.8155,
                26.6556
              ],
              [
                80.8131,
                26.6573
              ],
              [
                80.8036,
                26.6538
              ],
              [
                80.7974,
                26.6461
              ],
              [
                80.792,
                26.6563
              ],
              [
                80.7865,
                26.6593
              ],
              [
                80.7836,
                26.6669
              ],
              [
                80.7771,
                26.669
              ],
              [
                80.7714,
                26.6633
              ],
              [
                80.7665,
                26.6665
              ],
              [
                80.7701,
                26.6772
              ],
              [
                80.7655,
                26.6802
              ],
              [
                80.7577,
                26.6818
              ],
              [
                80.7535,
                26.688
              ],
              [
                80.7444,
                26.6794
              ],
              [
                80.7461,
                26.6668
              ],
              [
                80.7376,
                26.6646
              ],
              [
                80.7285,
                26.6558
              ],
              [
                80.7234,
                26.6588
              ],
              [
                80.7144,
                26.6668
              ],
              [
                80.7136,
                26.6813
              ],
              [
                80.7037,
                26.6821
              ],
              [
                80.6956,
                26.686
              ],
              [
                80.702,
                26.6922
              ],
              [
                80.7111,
                26.6952
              ],
              [
                80.716,
                26.7049
              ],
              [
                80.7143,
                26.7111
              ],
              [
                80.7037,
                26.7181
              ],
              [
                80.7065,
                26.7212
              ],
              [
                80.7005,
                26.7273
              ],
              [
                80.7014,
                26.7337
              ],
              [
                80.705,
                26.7402
              ],
              [
                80.7011,
                26.7429
              ],
              [
                80.7032,
                26.7476
              ],
              [
                80.698,
                26.7494
              ],
              [
                80.6919,
                26.7571
              ],
              [
                80.6944,
                26.7626
              ],
              [
                80.6987,
                26.765
              ],
              [
                80.7116,
                26.758
              ],
              [
                80.7308,
                26.7558
              ],
              [
                80.7383,
                26.762
              ],
              [
                80.7363,
                26.7659
              ],
              [
                80.7387,
                26.77
              ],
              [
                80.7365,
                26.7741
              ],
              [
                80.7375,
                26.7835
              ],
              [
                80.7402,
                26.7902
              ],
              [
                80.7344,
                26.7943
              ],
              [
                80.7249,
                26.7969
              ],
              [
                80.7183,
                26.8056
              ],
              [
                80.7186,
                26.8124
              ],
              [
                80.7147,
                26.8202
              ],
              [
                80.711,
                26.8218
              ],
              [
                80.7072,
                26.8276
              ],
              [
                80.6928,
                26.8363
              ],
              [
                80.6898,
                26.8427
              ],
              [
                80.6944,
                26.8502
              ],
              [
                80.6846,
                26.8555
              ],
              [
                80.6772,
                26.8623
              ],
              [
                80.6705,
                26.8634
              ],
              [
                80.6516,
                26.8722
              ],
              [
                80.6489,
                26.8752
              ],
              [
                80.6355,
                26.8803
              ],
              [
                80.6271,
                26.8785
              ],
              [
                80.6263,
                26.889
              ],
              [
                80.6316,
                26.8916
              ],
              [
                80.6355,
                26.8985
              ],
              [
                80.6406,
                26.9034
              ],
              [
                80.6352,
                26.9065
              ],
              [
                80.6209,
                26.9096
              ],
              [
                80.6224,
                26.9138
              ],
              [
                80.6177,
                26.9171
              ],
              [
                80.6141,
                26.925
              ],
              [
                80.6118,
                26.9349
              ],
              [
                80.609,
                26.9375
              ],
              [
                80.6094,
                26.9427
              ],
              [
                80.5925,
                26.9449
              ],
              [
                80.5805,
                26.925
              ],
              [
                80.5613,
                26.9371
              ],
              [
                80.5706,
                26.9537
              ],
              [
                80.5794,
                26.9608
              ],
              [
                80.5863,
                26.9598
              ],
              [
                80.5941,
                26.9544
              ],
              [
                80.5949,
                26.9596
              ],
              [
                80.5987,
                26.9639
              ],
              [
                80.5935,
                26.9681
              ],
              [
                80.6003,
                26.9835
              ],
              [
                80.5997,
                26.9862
              ],
              [
                80.593,
                26.9913
              ],
              [
                80.5847,
                26.9911
              ],
              [
                80.5787,
                26.9991
              ],
              [
                80.5604,
                27.0105
              ],
              [
                80.5689,
                27.0177
              ],
              [
                80.5787,
                27.0209
              ],
              [
                80.5865,
                27.0286
              ],
              [
                80.5793,
                27.0281
              ],
              [
                80.5776,
                27.0338
              ],
              [
                80.5887,
                27.0394
              ],
              [
                80.5941,
                27.0372
              ],
              [
                80.5994,
                27.044
              ],
              [
                80.6085,
                27.0377
              ],
              [
                80.6167,
                27.0403
              ],
              [
                80.624,
                27.0564
              ],
              [
                80.6336,
                27.0581
              ],
              [
                80.6472,
                27.0634
              ],
              [
                80.6554,
                27.0625
              ],
              [
                80.6564,
                27.067
              ],
              [
                80.6466,
                27.0701
              ],
              [
                80.6427,
                27.0739
              ],
              [
                80.6467,
                27.0783
              ],
              [
                80.6578,
                27.0751
              ],
              [
                80.6659,
                27.0756
              ],
              [
                80.6726,
                27.0728
              ],
              [
                80.6785,
                27.0664
              ],
              [
                80.6909,
                27.0637
              ],
              [
                80.7021,
                27.0638
              ],
              [
                80.703,
                27.0705
              ],
              [
                80.7113,
                27.0691
              ],
              [
                80.7135,
                27.0735
              ],
              [
                80.7121,
                27.08
              ],
              [
                80.7198,
                27.0843
              ],
              [
                80.7321,
                27.0984
              ],
              [
                80.7396,
                27.1022
              ],
              [
                80.7614,
                27.0978
              ],
              [
                80.7658,
                27.0899
              ],
              [
                80.7707,
                27.1032
              ],
              [
                80.7801,
                27.098
              ],
              [
                80.7876,
                27.1098
              ],
              [
                80.7923,
                27.1109
              ],
              [
                80.7953,
                27.1065
              ],
              [
                80.8047,
                27.1006
              ],
              [
                80.8189,
                27.0991
              ],
              [
                80.8318,
                27.1006
              ],
              [
                80.8381,
                27.1046
              ],
              [
                80.8371,
                27.1072
              ],
              [
                80.8476,
                27.112
              ],
              [
                80.8646,
                27.126
              ],
              [
                80.8689,
                27.1235
              ],
              [
                80.8769,
                27.1257
              ],
              [
                80.8792,
                27.1285
              ],
              [
                80.8949,
                27.1279
              ],
              [
                80.8942,
                27.1321
              ],
              [
                80.8976,
                27.1356
              ],
              [
                80.8993,
                27.1415
              ],
              [
                80.9077,
                27.1516
              ],
              [
                80.9147,
                27.1484
              ],
              [
                80.9226,
                27.1582
              ],
              [
                80.9303,
                27.1586
              ],
              [
                80.9353,
                27.1538
              ],
              [
                80.945,
                27.1487
              ],
              [
                80.9483,
                27.1422
              ],
              [
                80.9592,
                27.1418
              ],
              [
                80.9642,
                27.1451
              ],
              [
                80.9771,
                27.1395
              ],
              [
                80.9902,
                27.138
              ],
              [
                80.9974,
                27.1472
              ],
              [
                81.013,
                27.1402
              ],
              [
                81.0155,
                27.1338
              ],
              [
                81.0142,
                27.1303
              ],
              [
                81.0208,
                27.1271
              ],
              [
                81.0243,
                27.1192
              ],
              [
                81.0228,
                27.1126
              ],
              [
                81.0169,
                27.1043
              ],
              [
                81.0318,
                27.0976
              ],
              [
                81.0357,
                27.0979
              ],
              [
                81.0391,
                27.0936
              ],
              [
                81.0482,
                27.093
              ],
              [
                81.0491,
                27.0878
              ],
              [
                81.0446,
                27.079
              ],
              [
                81.0311,
                27.071
              ],
              [
                81.0249,
                27.0734
              ],
              [
                81.0148,
                27.0657
              ],
              [
                80.9938,
                27.0758
              ],
              [
                80.9877,
                27.0672
              ],
              [
                80.9835,
                27.0699
              ],
              [
                80.9799,
                27.0625
              ],
              [
                80.975,
                27.0611
              ],
              [
                80.972,
                27.0552
              ],
              [
                80.9772,
                27.0464
              ],
              [
                80.9767,
                27.0403
              ],
              [
                81.0018,
                27.0378
              ],
              [
                80.9998,
                27.0321
              ],
              [
                80.9932,
                27.0249
              ],
              [
                81.0018,
                27.0199
              ],
              [
                80.9958,
                27.0108
              ],
              [
                80.9976,
                27.0071
              ],
              [
                80.9964,
                27.0002
              ],
              [
                81.0158,
                26.9938
              ],
              [
                81.0199,
                26.989
              ],
              [
                81.0245,
                26.9884
              ],
              [
                81.0289,
                26.9844
              ],
              [
                81.0218,
                26.976
              ],
              [
                81.0298,
                26.9676
              ],
              [
                81.0352,
                26.9648
              ],
              [
                81.0404,
                26.9693
              ],
              [
                81.0483,
                26.9683
              ],
              [
                81.0539,
                26.9741
              ],
              [
                81.0636,
                26.9683
              ],
              [
                81.0576,
                26.9602
              ],
              [
                81.0484,
                26.9613
              ],
              [
                81.0412,
                26.9531
              ],
              [
                81.0411,
                26.94
              ],
              [
                81.0474,
                26.9381
              ],
              [
                81.0488,
                26.9344
              ],
              [
                81.0544,
                26.934
              ],
              [
                81.0639,
                26.9283
              ],
              [
                81.0636,
                26.9228
              ],
              [
                81.0687,
                26.919
              ],
              [
                81.0724,
                26.9107
              ],
              [
                81.079,
                26.9096
              ],
              [
                81.0877,
                26.9174
              ],
              [
                81.0954,
                26.9142
              ],
              [
                81.094,
                26.9093
              ],
              [
                81.0992,
                26.9021
              ],
              [
                81.0909,
                26.888
              ],
              [
                81.0984,
                26.8837
              ],
              [
                81.0971,
                26.8765
              ],
              [
                81.0993,
                26.8708
              ],
              [
                81.0959,
                26.8638
              ],
              [
                81.091,
                26.8585
              ],
              [
                81.0952,
                26.8525
              ],
              [
                81.0911,
                26.8453
              ],
              [
                81.0943,
                26.8374
              ],
              [
                81.1019,
                26.8403
              ],
              [
                81.1298,
                26.8336
              ],
              [
                81.1354,
                26.8298
              ],
              [
                81.1385,
                26.8231
              ],
              [
                81.1386,
                26.8154
              ],
              [
                81.1418,
                26.8121
              ],
              [
                81.1521,
                26.8136
              ],
              [
                81.1571,
                26.812
              ],
              [
                81.1596,
                26.8074
              ],
              [
                81.168,
                26.8067
              ],
              [
                81.1564,
                26.7983
              ],
              [
                81.1602,
                26.7914
              ],
              [
                81.1582,
                26.777
              ],
              [
                81.1646,
                26.7758
              ],
              [
                81.1722,
                26.788
              ],
              [
                81.1761,
                26.7889
              ],
              [
                81.1853,
                26.7802
              ],
              [
                81.1922,
                26.7828
              ],
              [
                81.1919,
                26.79
              ],
              [
                81.1982,
                26.7924
              ],
              [
                81.2109,
                26.7865
              ],
              [
                81.2138,
                26.7831
              ],
              [
                81.1939,
                26.7695
              ],
              [
                81.1895,
                26.7607
              ],
              [
                81.1981,
                26.7524
              ],
              [
                81.2041,
                26.7428
              ],
              [
                81.2049,
                26.7379
              ],
              [
                81.2031,
                26.7305
              ],
              [
                81.208,
                26.7239
              ],
              [
                81.2145,
                26.7216
              ],
              [
                81.2136,
                26.7155
              ],
              [
                81.2175,
                26.7102
              ],
              [
                81.2147,
                26.7026
              ],
              [
                81.21,
                26.7009
              ],
              [
                81.1957,
                26.6832
              ],
              [
                81.1916,
                26.6819
              ],
              [
                81.1886,
                26.6766
              ],
              [
                81.1887,
                26.6708
              ],
              [
                81.1706,
                26.6508
              ],
              [
                81.1665,
                26.644
              ],
              [
                81.1733,
                26.6357
              ],
              [
                81.1695,
                26.6294
              ],
              [
                81.1767,
                26.6238
              ],
              [
                81.1822,
                26.6224
              ],
              [
                81.1765,
                26.6171
              ],
              [
                81.1758,
                26.6126
              ],
              [
                81.1671,
                26.6094
              ],
              [
                81.1636,
                26.6061
              ],
              [
                81.1661,
                26.5955
              ]
            ]
          ]
        ]
      }
    },
    {
      "type": "Feature",
      "properties": {
        "state": "CHANDIGARH",
        "district": "CHANDIGARH"
      },
      "geometry": {
        "type": "MultiPolygon",
        "coordinates": [
          [
            [
              [
                76.8375,
                30.7541
              ],
              [
                76.8338,
                30.7498
              ],
              [
                76.8349,
                30.7418
              ],
              [
                76.833,
                30.7388
              ],
              [
                76.8372,
                30.7335
              ],
              [
                76.8456,
                30.7317
              ],
              [
                76.8494,
                30.7234
              ],
              [
                76.8436,
                30.7192
              ],
              [
                76.8484,
                30.7145
              ],
              [
                76.8439,
                30.708
              ],
              [
                76.8357,
                30.7037
              ],
              [
                76.8286,
                30.6947
              ],
              [
                76.8276,
                30.6877
              ],
              [
                76.8291,
                30.6809
              ],
              [
                76.821,
                30.6776
              ],
              [
                76.8209,
                30.6749
              ],
              [
                76.8088,
                30.6673
              ],
              [
                76.7971,
                30.6675
              ],
              [
                76.7902,
                30.6756
              ],
              [
                76.7819,
                30.6737
              ],
              [
                76.7769,
                30.6703
              ],
              [
                76.7643,
                30.6864
              ],
              [
                76.7528,
                30.6845
              ],
              [
                76.748,
                30.6884
              ],
              [
                76.7472,
                30.6955
              ],
              [
                76.7393,
                30.6929
              ],
              [
                76.7391,
                30.7057
              ],
              [
                76.73,
                30.7068
              ],
              [
                76.7286,
                30.7158
              ],
              [
                76.7312,
                30.7174
              ],
              [
                76.7296,
                30.7235
              ],
              [
                76.7213,
                30.73
              ],
              [
                76.7128,
                30.7412
              ],
              [
                76.7075,
                30.7395
              ],
              [
                76.7052,
                30.7429
              ],
              [
                76.7079,
                30.7497
              ],
              [
                76.7056,
                30.7565
              ],
              [
                76.7108,
                30.761
              ],
              [
                76.7257,
                30.7664
              ],
              [
                76.7313,
                30.7649
              ],
              [
                76.7438,
                30.7699
              ],
              [
                76.7445,
                30.7751
              ],
              [
                76.7523,
                30.7803
              ],
              [
                76.7517,
                30.7842
              ],
              [
                76.7617,
                30.7915
              ],
              [
                76.7715,
                30.7952
              ],
              [
                76.7756,
                30.7905
              ],
              [
                76.7828,
                30.7892
              ],
              [
                76.7873,
                30.7789
              ],
              [
                76.7796,
                30.7777
              ],
              [
                76.7835,
                30.7706
              ],
              [
                76.7983,
                30.7711
              ],
              [
                76.8021,
                30.7756
              ],
              [
                76.8135,
                30.7802
              ],
              [
                76.8186,
                30.7779
              ],
              [
                76.8181,
                30.7713
              ],
              [
                76.8054,
                30.765
              ],
              [
                76.8156,
                30.7527
              ],
              [
                76.8202,
                30.761
              ],
              [
                76.8264,
                30.7633
              ],
              [
                76.8375,
                30.7541
              ]
            ]
          ]
        ]
      }
    }
  ]
}